X0;X0.1;X0.2;X0.3
0,3333627530606033;0,520403271461480;0,485941424490249;0,585679408091092
0,5429906831515886;0,270508891565521;0,451583947373017;0,772313288671974
0,6600814379941460;0,282922573325516;0,593859407903915;0,825593195269583
0,4867835602297899;0,618183436023950;0,348223145912238;0,761845585092634
0,4563228038015291;0,660534500683394;0,430506790568301;0,420891846911953
0,5756382314582411;0,408822606859878;0,530944693647411;0,321467635508687
0,5952941936162365;0,588609961835852;0,943219321790819;0,595363254108639
0,4428756536718864;0,488290480172868;0,571397533641520;0,590898914699096
0,5351666602649491;0,634447759058087;0,917022402181343;0,512321866035818
0,3873847958607868;0,301534524713317;0,441416910017856;0,585680135167275
0,3496436396414584;0,346155589088166;0,697092753955619;0,534083894662916
0,7571019328999342;0,652247500775111;0,625700338906372;0,499212176674979
0,4406668643489924;0,585308138564287;0,669139306572076;0,503581260419019
0,2686188558240367;0,575605229381463;0,473099188917841;0,458097472670963
0,5871543494559071;0,510647552819403;0,457081101293665;0,198171371846585
0,4968418092380235;0,456042139222359;0,470583290889111;0,750944683774699
0,7791100634222290;0,629543427880687;0,493343335294441;0,570055246195874
0,6728285830367209;0,507901195964355;0,580835916340661;0,660666355088503
0,3530760107515502;0,349269366166103;0,445289031862277;0,588407599032313
0,3882773835241742;0,573432826957722;0,631733691359322;0,539215761241516
0,6542271610553931;0,396933215387567;0,694309721910518;0,778862341055567
0,7834059589417378;0,434729793753898;0,605821452600236;0,720130194546720
0,4791610510944446;0,540040515994248;0,597465933889738;0,499515423642274
0,1100049457889593;0,686905930314476;0,677969691783606;0,469282776432135
0,5443217830726654;0,640718207553610;0,576229010552240;0,515590307778693
0,3390910455669769;0,537910699491615;0,563807100080273;0,437939688454668
0,6498451076530060;0,383138228316871;0,624847110873951;0,663742560264727
0,3794263680691577;0,422444461359461;0,478213730847139;0,540554321953710
0,5875410192812769;0,294159579190216;0,446486766753061;0,569075714235844
0,4078998290436013;0,714409234369349;0,559855011881606;0,840154314497729
0,5686039058730467;0,447406452027114;0,566423352154881;0,741395422429244
0,4438036582604472;0,516471486985514;0,556141592409816;0,334792106158054
0,5800202705004956;0,495212429915146;0,822298419471810;0,505302737278938
0,6014226683521882;0,664610393253907;0,700718609353886;0,303350251906027
0,4575217811422316;0,673702106700938;0,473660865604375;0,756238876288854
1,0269174135241181;0,665046057867583;0,591522028439786;0,444211070547733
0,5057379220523535;0,558140643203287;0,404712379404084;0,634935503508921
0,5883258250073431;0,495691064600954;0,421301371351550;0,282084991841474
0,5315344176930558;0,815484235399077;0,469024920198841;0,500186053362056
0,5321190453443834;0,480474304744105;0,490730612278441;0,617067652225380
0,6469780503640581;0,666525600906748;0,432856700008465;0,575984840544479
0,5167987553095030;0,367424758342730;0,647253123906844;0,537723430442551
0,7437552338363721;0,516849568069930;0,729218137570892;0,435807183419523
0,5125865558533244;0,676815310722550;0,553858623081066;0,578314964373963
0,7309103343989884;0,561888336068561;0,775425595504504;0,641271740531202
0,7097799123921801;0,602663199967663;0,840257599898793;0,643589536498115
0,8045013018941640;0,709266473579700;0,404757764234077;0,579551509237796
0,5798318401625333;0,190782245658326;0,461382656351940;0,859220040605581
0,5484804258601449;0,646967446260496;0,664379346685313;0,356500564484271
0,6171604589651127;0,457416613017638;0,618839287502062;0,431026001749652
0,6751203911716889;0,248782313605877;0,443064363563157;0,496207572979238
0,5055942385784198;0,727415395410838;0,500499746656862;0,426389725877336
0,5078221335911158;0,457460218811717;0,624506754808541;0,572543116986839
0,8465901932687021;0,561687083948387;0,569672133993783;0,521223010697979
0,7372125083120394;0,597534591705324;0,378330747683167;0,528941553962607
0,5819672270046962;0,463518781594202;0,533245139783857;0,611779513965666
0,5740555223741687;0,528808339232049;0,539873283841633;0,562807187543762
0,5380531444236383;0,435700223356872;0,825107218953308;0,621414937282872
0,6562473873198670;0,689741403034087;0,601540631949138;0,638975679889897
0,7892675788218716;0,717369675756233;0,717975570070461;0,663725651074119
0,6157838381144194;0,491641175453702;0,586473703474157;0,897380743892605
0,9390544880026529;0,867235377442170;0,588910709044640;0,705043720995319
0,5069505348160800;0,659179288354403;0,362104886225855;0,503037080714477
0,4682308947054722;0,571376730359844;0,417567177865318;0,400498679472408
0,5348393507314916;0,750908975767745;0,676650182647095;0,881634464267750
0,5237427155797890;0,509588020019981;0,368219251904256;0,520615213353247
0,4583019200130073;0,750274272915570;0,434047053832073;0,501575856438357
0,6200972396630697;0,765603754507150;0,925043732664036;0,578802341178392
0,6826341949101924;0,535626011902727;0,749913375820202;0,669589889418237
0,4092985271052313;0,618828736745160;0,740227895949860;0,436940083503845
0,4920225839803037;0,474050118004509;0,489804880869267;0,486685402325248
0,6048237245426670;0,573142458252338;0,499937830814828;0,494582912373037
0,4736156428057001;0,494210378290042;0,477852894543910;0,363456575382232
0,6188593055236759;0,837136473516429;0,944707932042450;0,581639524562696
0,3858359769627380;0,441416523678771;0,704350979733023;0,395767644918564
0,1826920760237345;0,572577625103104;0,403430929003858;0,562932312164523
0,5072381853906156;0,552128635980754;0,567168927489589;0,359296911680837
0,5228404705415459;0,391900208522163;0,549383736714356;0,416139344525988
0,4337561378170632;0,715436354933505;0,433605895503443;0,638926782317474
0,4842565896400600;0,531814404723784;0,641348884513977;0,582463367716614
0,5423104941304047;0,598323630540543;0,543638365695128;0,533105110006801
0,5075106704806961;0,369379428633444;0,636548851204707;0,514005022010124
0,5970108965576763;0,627252763100473;0,525908085685533;0,570233901110397
0,4711914080859954;0,749587341728092;0,411875866349427;0,450578280800327
0,4378614259081285;0,560626091478349;0,529687707916879;0,649748305451362
0,5966028215904413;0,554646663034807;0,545726903298085;0,711177165549887
0,7050462525510570;0,499052035810810;0,390863375327934;0,387558417397020
0,5036255310587776;0,269253475469793;0,501673994108473;0,617254522104031
0,7315284304241493;0,652212784564590;0,688316001047795;0,706526820877991
0,6664804119901544;0,667112366535100;0,510826889263729;0,674867147759021
0,5800538460292273;0,443940471086816;0,634081985186321;0,732634296380490
0,5525572960764408;0,484858323994059;0,414250396339180;0,626520686289244
0,6844251164652837;0,610454125741948;0,395934470214697;0,535780161700804
0,4201690281890956;0,512223436397600;0,481181687018104;0,460568901892750
0,7707363515189568;0,407192788863612;0,868846807622595;0,590830781589373
0,5628838092769304;0,666979076685261;0,557341462064413;0,600289604139238
0,6807525172894587;0,758826812561384;0,517421298489518;0,756159267334872
0,6693552748022077;0,466266317538930;0,578726236005649;0,613193435832075
0,3695621832336963;0,373124292084786;0,704532356919658;0,491607410144643
0,5682210702794906;0,730554666236398;0,593667258639471;0,964759181033477
0,5167271479364435;0,601973225412705;0,455941477227543;0,678786739838329
0,7684264690517465;0,600640895652458;0,910947063753705;0,893056512497956
0,6458274640816016;0,538840576254821;0,505523027075365;0,475401609980675
0,5469451753331721;0,353314030136480;0,386852468253553;0,910275820044375
0,9420472231006395;0,392294685298536;0,650176581133300;0,324406229744806
0,4965451096296239;0,613155387952430;0,641234399954201;0,374231482998369
0,5292472969342781;0,407810033650400;0,518605814312560;0,576784883934074
0,5457705659758472;0,864435044826546;0,700855566835219;0,615499042043890
0,6721285450204992;0,559118721420071;0,592410866159214;0,702579400084297
0,9361251251385373;0,675089898977588;0,359683511925142;0,850957660008057
0,6677286194932698;0,610970248111120;0,765425766753161;0,774117957755852
0,6166055764080632;0,685948204086138;0,561218911821955;0,503134892951883
0,6497116555194825;0,401173585171117;0,546686902594940;0,363457541128231
0,4386719512092015;0,427537737817848;0,550205630230519;0,503117189881317
0,4236359314933307;0,509362652329008;0,272419751444578;0,559972028836345
0,6789806822754031;0,705050594835529;0,621490758643553;0,548440114075741
0,4384851569572881;0,726773318660525;0,715129220061777;0,584989226174753
0,5576127379178746;0,437087881181086;0,561806388686953;0,669930347473807
0,4460198968063278;0,321764603749760;0,835149367737703;0,535395116293660
0,4290330976724420;0,466261500895871;0,655671567679499;0,492411116609395
0,7173651119139544;1,138163998724981;0,636615828037969;0,929553158841468
0,4356174862729254;0,782214241142592;0,750289779865511;0,456668624098934
0,6503603376176585;0,335664749211397;0,762306933058490;0,848702362276854
0,6869116283527391;0,556286307416856;0,554869985219707;0,670133196070051
0,4917736235096788;0,464850201898507;0,526105633228693;0,493734789919009
0,8141733539890057;0,658177271107419;0,565901022710821;0,663204541951453
0,4966744667724449;0,629604256415835;0,242813367605739;0,705473645294164
0,5519826764552559;0,448954767537024;0,710447142352460;0,466525562538426
0,2108284571551853;0,557090223208058;0,751016347262936;0,930548308939496
0,8198231698633078;0,567730762926881;0,728399254450354;0,559607166585733
0,5618356102015519;0,842113750789775;0,597721293931706;0,644299608855085
0,5535281848352444;0,379066037783342;0,726948573523411;0,584955202993278
0,6836362175610119;0,615757018323411;0,878909213982783;0,750147777967474
0,6082422000558277;0,807734534101356;0,236176334968326;0,359824689502970
0,4505321829255272;0,765937663529074;0,596343117683120;0,302253298933666
0,5694245165303299;0,358406729113763;0,333995849154157;0,701647974191158
0,3428326404814497;0,630029971434244;0,100875259668550;0,586486110232761
0,5332622261088773;0,466639615801992;0,585292202675544;0,445122771923159
0,5071012997106467;0,402802225106760;0,410193093803535;0,557571460213160
0,6119413038946750;0,705290677439146;0,846303983872678;0,642068679236974
0,6304853957120646;0,637551914575912;0,322230773064424;0,690143652190529
0,4948977740929823;0,636091523239798;0,474642331976481;0,464375674887501
0,6259837175844298;0,553904621730155;0,722441852999534;0,731737764323980
0,5662685249879561;0,650439023546896;0,512739492704779;0,912405273620388
0,8424481090824777;0,503285762039847;0,512962904682528;0,734355944725943
0,4470824343518742;0,493505633235195;0,710176196414332;0,649544394486577
0,3881954488147803;0,833491934509136;0,544809231397787;0,526530217070908
0,4902675738857264;0,530237186563053;0,746018938215231;0,605994525937268
0,4003914369374821;0,297870382598425;0,521813807026588;0,385369830597556
0,3716347786299069;0,586780827157179;0,675772544595588;0,495955569091447
0,9014635591898484;0,776881503438317;0,626683470374800;0,407747991365958
0,6302396385773806;0,778977064668908;0,612003557276557;0,711270578821506
0,7531008895894737;0,836537230364283;0,507893621151423;0,352206631433878
0,6299377722482820;0,448413722662566;0,505124483902277;0,679112901256074
0,5852386932786294;0,545932223927760;0,562242606765639;0,674033520316464
0,4450740207114625;0,446971083527479;0,655850793697166;0,551554174440316
0,7176010694869119;0,571868683874233;0,531164165077986;0,467809185295818
0,3896349072731727;0,762490584781908;0,796410313501321;0,652059909783824
0,6744390548479984;0,578845004359268;0,764045299285102;0,472621658591524
0,4148657706955149;0,614703497469524;0,539750272377053;0,986693190488567
0,6544348032436280;0,570864471103591;0,863257573529857;0,420523763232563
0,5456357159633781;0,454170755088325;0,428276164054003;0,396558493131971
0,4294931400746485;0,574814167639754;0,637842769018083;0,512205068937775
0,5895152780878276;0,458374107904133;0,782871772082267;0,471511778341113
0,4601966676641137;0,550419539658109;0,642033484207574;0,418857571124404
0,7407720670373122;0,688014397462099;0,393558910164009;0,456949296553373
0,3447502312682969;0,528585881968791;0,405953879521472;0,713187293213038
0,4913412890474841;0,414319877395794;0,758744365078652;0,819639423187324
0,6165423094443846;0,695374548424375;0,564739739411035;0,404718369491049
0,3926611342208111;0,281590812616973;0,579313622763852;0,358644577306974
0,7947504708539711;0,505935961331485;0,824824884336045;0,261814956289655
0,6853255154900352;0,273293595523670;0,631490908541104;0,582182909728514
0,4629713006752946;0,321982365585006;0,466709880364759;0,409032803490140
0,6098696653456449;0,339883585981942;0,498516172053693;0,489011902387892
0,4930074947154873;0,700934038802989;0,459219999810157;0,634389715920028
0,6434539513754801;0,658493096133443;0,532571404045348;0,754039745920127
0,6486037082877871;0,647962273272224;0,301241678270490;0,668753308882652
0,5654352707861029;0,463741402166901;0,637520896828926;0,451422954131278
0,7677750868242454;0,722245152477182;0,796653183600237;0,568965279052571
0,5534320418913284;0,396435699735421;0,737453871593319;0,456174136834260
0,3925213579674988;0,627827043981757;0,334639313226132;0,571724880635883
0,4832852939654221;0,323308678195131;0,581121059940669;0,635773699354682
0,7661113058746697;0,820666254201102;0,272108015869651;0,411456775937541
0,7922431836651176;0,697573516568981;0,603046771126641;0,537228040495893
0,7886393385330585;0,402111497690682;0,588322342378389;0,332277739200043
0,5163735741718942;0,366806589288572;0,684880371638050;0,533335098522174
0,5691202124212233;0,492708847558008;0,510419415525655;0,578225753056124
0,4404416589764060;0,609750829322195;0,429702615020286;0,456902234528576
0,6456075084211196;0,466770287318394;0,768829739735690;0,407129495225668
0,5021402406393463;0,568746309782125;0,534384706822469;0,496050185819336
0,6991342412683706;0,935063076960098;0,658556953583930;0,802238266988907
0,5025271656868259;0,540019653324244;0,411461464286759;0,737822448816544
0,3985884812892058;0,667293431398178;0,540861314208269;0,677027578890699
0,6063440393029380;0,300721157654239;0,245181312002447;0,625392326552929
0,4708517537206300;0,626556680613967;0,389578477595819;0,698918401291544
0,3676061043742910;0,550963356563927;0,557105803633692;0,402930792700665
0,3242988799026639;0,485056163177921;0,503869961991490;0,573348902810029
0,4703275119835253;0,846584139246599;0,565166053597568;0,496653341953370
0,5671537670677521;0,392629404842197;0,372796689367265;0,345727447182573
0,6062849482366628;0,433568558074497;0,675539998178269;0,451097584657346
0,4761484595307398;0,349933847040141;0,571468847778766;0,561278724438290
0,4786659742331186;0,589863745348933;0,571513913377553;0,534510147605162
0,6688868155689770;0,632369580208518;0,543028495233204;0,406057655985787
0,7308042283668277;0,426014215793338;0,540595649201416;0,684518306967695
0,3659306273416777;0,665279468053930;0,724141719683392;0,633482522711449
0,4859934145028060;0,759526973947220;0,558089761973893;0,490074603939024
0,4825444798543096;0,457856801813124;0,658659345021372;0,525954344813888
0,7773756842717898;0,597645130697604;0,635385964286411;0,888454991514829
0,4895800322400453;0,425985423164146;0,526761979810201;0,787332738855706
0,4770994769913796;0,306899393463161;0,499375893788399;0,802925287519534
0,5553838531014967;0,684198993822612;0,533464424538649;0,343103666766093
0,3118321051710143;0,480862329273739;0,258821501421236;0,672157344476847
0,6252132919408319;0,198455377989437;0,710462266406664;0,353822206289576
0,5580103210182955;0,545256895054844;0,636377229104997;0,597253484860970
0,3787419046920109;0,594018669370793;0,551505249534874;0,494818858286025
0,5424223102859779;0,449539182359843;0,912590790537432;0,577723334487335
0,4397562816785968;0,611202556340275;0,593401512242512;0,623555579311997
0,5179452231968340;0,369889549304369;0,637779700498923;0,504464821048514
0,4851615911469017;0,590099429104033;0,589615238175726;0,484823199406216
0,3502136722621667;0,600735501794163;0,458664605744919;0,509705078420543
0,6003916300125255;0,410063223134391;0,399567417754921;0,438490311636891
0,5118785144195802;0,437913479651099;0,625564279627844;0,614021691085059
0,8692432883768456;0,646895641420606;0,672778812947690;0,516614412805556
0,5131673245543386;0,383975171575025;0,376774159135101;0,643573167101630
0,7649060038469977;0,503087755611797;0,610887664614423;0,487389743645302
0,3766644762317826;0,722571835279237;0,718710854498108;0,625879214974132
0,9091921849295708;0,828097420637827;0,523065086440989;0,865982630256113
0,6684982190469768;0,897724855610178;0,692894912944326;0,511427980890055
0,4221519309857720;0,490947350498643;0,532219643609459;0,587719241305353
0,8181132023612530;0,741304376317193;0,779109842271527;0,436465679063688
0,3624672320267240;0,546201386577764;0,573296813475865;0,620969852845397
0,6046758317393419;0,614876675768827;0,395494168908375;0,539790059289374
0,5965059253799888;0,686138133238703;0,332466453665702;0,597407469016202
0,4066100159698049;0,324170624007271;0,621144535793109;0,464930044522515
0,6860185051816856;0,639311649044214;0,695174896072055;0,636512600317036
0,5938327991954243;0,720965371656826;0,805253187089661;0,631687609134145
0,6414407327692462;0,259387124887404;0,569290578836007;0,911048606315111
0,4810380404091519;0,855308919636633;0,804835560444761;0,362473308043058
0,6054112100457122;0,601532635303908;0,610310148852770;0,693001909769952
0,6474547983759319;0,442143574218924;0,752305313980770;0,697361883358723
0,4153328844414341;0,481779901260166;0,622286041984149;0,605329692844645
0,4115638497849481;0,651702046294145;0,484895374143778;0,674372600996354
0,4974744071667140;0,394817112782831;0,612008250065425;0,930287862894839
0,6845036389351526;0,740569281749840;0,706260039994000;0,620503482471554
0,3987149570723292;0,644841229837123;0,708108152081478;0,565563997105415
0,4629936558005224;0,511713112846498;0,582018920749148;0,468856058193031
0,4361392029319464;0,611546857951264;0,377325204950012;0,586521350701144
0,4987476887505671;0,542041591831500;0,284217270579257;0,413748472584280
0,4542884009933683;0,481446212448018;0,690075639988706;0,516245597830539
0,5990079937211774;0,770739139018150;0,548162835004599;0,476380395354384
0,6264965442381029;0,396121474904232;0,401607963964806;0,573255652583763
0,8423430612104961;0,542895253330239;0,505470994652710;0,511867891172548
0,3309252007459901;0,621343355828397;0,495324231368729;0,627305813932229
0,3258932690626413;0,450509328303909;0,606545255573384;0,614457540141900
0,4372262141642725;0,705146423895432;0,511753446470999;0,338596469069100
0,5457969134911379;0,731366684369689;0,507895594772016;0,287520387068256
0,6312192117122216;0,703227114581028;0,553599668167896;0,513640207082544
0,6869377595591157;0,659784387248224;0,619737833505144;0,597614387101860
0,4836646297766805;0,539964656846748;0,785611687012967;0,514868878137382
0,4454331296880837;0,461571331880146;0,538314097456671;0,613688083654954
0,6372321805866628;0,327536098017566;0,822653405783784;0,682488083679213
0,5663402407195679;0,590471684855966;0,597703029759109;0,460212503951994
0,3520680117658465;0,665942987175808;0,783337078455797;0,618772339313161
0,4887501720992403;0,423158240060491;0,352247444294927;0,507356289644597
0,5250196628391769;0,536241232797454;0,449641521818077;0,470062774111175
0,4774413047273089;0,216572432206111;0,377961600704574;0,462173860363448
0,5838415961827250;0,659200791391365;0,579528380830995;0,899871735062874
0,8209154486855492;0,383823764638077;0,537529712583458;0,430403193454139
0,5924820297455778;0,669479109475305;0,729750717748077;0,545044254880887
0,7334801953760580;0,434032157709109;0,839376252837982;0,642857877712915
0,5618366247127776;0,344921017846130;0,323323930071917;0,629225740266893
0,4980360112225781;0,534196890743709;0,712457744138271;0,625741537722594
0,5053246428806106;0,483015074787984;0,601927546260161;0,353735469282668
0,4134150701714708;0,485768339821018;0,569888388666537;0,325460755041962
0,5947802169098663;0,583287565036412;0,658950025860451;0,861824891542126
0,6501849474324594;0,535456441984469;0,568034440746661;0,807262074234179
0,5591885346224219;0,559440430607535;0,575343696886309;0,600297841556741
0,4610348453548707;0,589003355905146;0,426817603096816;0,616954253316821
0,3187643501855016;0,644384125466466;0,593057074991912;0,828872655437866
0,6249018673922045;0,495381633871804;0,530145656554085;0,589194204105288
0,4855122356442727;0,584417167391191;0,616841053381892;0,374097251510249
0,4745319891182150;0,582470812838052;0,667646093133248;0,489884738652822
0,6804599049218660;0,442132069248987;0,641770601607959;0,384487236106175
0,5496173071814155;0,821705454526760;0,422863156539768;0,537203596624842
0,3401337076489345;0,554134123431008;0,741647600127365;0,808936484832679
0,6020833675718421;0,341935900328877;0,542467801536958;0,472148477334431
0,6753608804681873;0,812037159293500;0,611879957788417;0,655818573052523
0,4130474793127069;0,330168123260289;0,500237204488713;0,280878305172949
0,4843627157886330;0,577918945887605;0,823803323283766;0,700534592176090
0,7570544311603439;0,526205351909790;0,745911192951013;0,539191814885100
0,7353681868042173;0,364287854363383;0,505353973810472;0,839515394858667
0,5537987289978207;0,739894963185488;0,327065645514663;0,536238108732927
0,6775722672962173;0,380685152865701;0,648334433252601;0,809220046656356
0,6450808633796923;0,523149252294202;0,650496290256752;0,722311299046022
0,4826010205578621;0,432868122654049;0,491309051356580;0,605060608600624
0,6719861481617115;0,730357609473465;0,788523786202688;0,309740698263019
0,3683367114052406;0,471041169764745;0,748523486532061;0,647429235902222
0,5579287845546547;0,486750078456554;0,668129226283106;0,580201984166685
0,4228110602069384;0,510528332481256;0,678572538263187;0,662024788381893
0,6267778238439884;0,458424954462968;0,661904805309673;0,630568910676930
0,5193747584401854;0,624810497106904;0,588218121215282;0,505346803562797
0,3556293192091827;0,605339391236398;0,442557982642111;0,632001246103457
0,5441280064929230;0,581901055799137;0,816820560429618;0,278392909882722
0,5060245322240295;0,521543465429521;0,798498940561653;0,595628223529549
0,4675420510486985;0,732458450318366;0,728883973336823;0,471368786253173
0,7163183822930370;0,631488483419269;0,523189363528719;0,614289766572598
0,6240667568817843;0,654804910152299;0,596422118039878;0,485925577338963
0,5906745389781394;0,601094082993335;0,396710494172851;0,392355249695089
0,5704596838800453;0,536853814162356;0,469584940661605;0,615490218762928
0,4044881786513138;0,601941192576423;0,739192720092765;0,454115623994239
0,6844539923002438;0,427237400060797;0,503777728692932;0,516543323944860
0,7668658765265848;0,412230579945088;0,558000904969135;0,426185307059966
0,6491405697005471;0,618426233974941;0,559013043720190;0,590174975859900
0,6220474211485307;0,826961911173306;0,610101977833275;0,552814154805375
0,5595997800264375;0,419508628313559;0,547854653094875;0,522485417858008
0,4087349019937950;0,481491140869799;0,662634299195200;0,617345875262537
0,7183587950319098;0,779970085526907;0,508402423139104;0,866921914692483
0,5848946758025901;0,459858341054321;0,787058251769363;0,453578067134437
0,5782268924260168;0,571860125734496;0,542271658376087;0,468689151501232
0,4972640634256769;0,626848620332818;0,580838376494467;0,527646738985643
0,3218842115320648;0,616242176293966;0,513384944063879;0,615417657001360
0,6643048974613257;0,167364378475599;0,521207727512796;0,524856792651368
0,3045256307470307;0,583726270626567;0,625046986087253;0,396716458535051
0,4624413407534617;0,415200660074646;0,482963592292787;0,611801433694364
0,9160244603997663;0,690636946162104;0,538440225284631;0,415665472187969
0,8049804629420222;0,534597356205052;0,582498994402997;0,616465373908949
0,4798045805423257;0,734099218092990;0,481554025262985;0,398813234992496
0,4710977731531504;0,743977415737437;0,438173762109694;0,700197957298807
0,6336896858884294;0,489156144730221;0,638558011865709;0,997833002769184
0,4461107714186384;0,249157999675917;0,462957998815946;0,697790772474258
0,4318322159062489;0,422380470287712;0,659296798729497;0,509634108293831
0,6095614453593529;0,572595590719490;0,523414452090922;0,412353880954258
0,7227374959277775;0,467113975313561;0,709907563284076;0,736294240755384
0,5798999851900104;0,590700707705178;0,574394297572216;0,405931171474372
0,5238869045993182;0,620549075659285;0,425476090569038;0,465349901933682
0,8319258211656853;0,641400352455390;0,700644861498128;0,545641693413087
0,3890335539918661;0,783182110277875;0,440470306173164;0,658209095476154
0,5424519647143673;0,780757428862620;0,491573898327213;0,469465940082426
0,4184229489953746;0,581481592750030;0,587728537288951;0,570197629805430
0,5674413273312139;0,487651046560117;0,537873432550873;0,706225803211908
0,5661853221222092;0,557480370347781;0,754899912513000;0,419207736015348
0,7242760962671543;0,455321337939508;0,282816021806565;0,359135250549359
0,4507664567028934;0,544219108655301;0,608190179872750;0,529420012650240
0,5226315146114303;0,643496703868327;0,461742011279129;0,865050133442602
0,7325488476849202;0,554661449249343;0,503696577951504;0,526276688185148
0,5994881850269880;0,840481656524513;0,732098411782646;0,547438583164465
0,7297027148588198;0,544227470947614;0,743302756001350;0,552689211814870
0,6019323337216590;0,376184276148181;0,436625600051228;0,511201086605345
0,6148124220035833;0,804712099411173;0,428291861199158;0,479088710842795
0,4896236819728228;0,367467293802158;0,458903625778787;0,381600143351638
0,8180262559874536;0,425030051907870;0,467376187243569;0,355119791895843
0,6040224592555845;0,438430519671039;0,381896654777750;0,628186033810007
0,6137820024100992;0,714405356178977;0,551693477909491;0,603994340065893
0,3528944361726222;0,403732864534181;0,379772341916760;0,741948476723735
0,5056879918888145;0,617677739300136;0,284777572556013;0,757287965729364
0,5476879044987270;0,691790021623707;0,491940202309904;0,438596016804061
0,5954231204804566;0,762492561369777;0,471572567841491;0,361309311681396
0,7550942757146325;0,461231227685406;0,623184133824907;0,491923822338193
0,5658493001996764;0,439962129873377;0,749317434980202;0,907252946882072
0,5146037766477606;0,775314018265949;0,539015507179512;0,439162997832638
0,7424515622094703;0,316096136712036;0,558924719006242;0,571286335927186
0,5186828676087135;0,564079420358140;0,632787106567799;0,541843140355600
0,6260196230316249;0,716772965191620;0,312357124504749;0,614367984051537
0,6069744069891569;0,364939180570238;0,811636421287907;0,605651567475311
0,6665261513460673;0,473201516399413;0,590905622130523;0,675595365553383
0,5072656927271195;0,542408515485379;0,689699514040676;0,666229015432090
0,3702654381925941;0,436521274961245;0,670190590589333;0,606420126934331
0,6630454057274576;0,519873268518095;0,364759689154066;0,655125295628376
0,5737774724326651;0,515700226202740;0,514116214347850;0,621547001023619
0,6031791847476288;0,787105224352979;0,567597263849921;0,726868966291720
0,6855104470052045;0,472883183721311;0,206167098193060;0,471649007587659
0,0814809305311944;0,494618898823812;0,542297760910897;0,392267615375082
0,4948654028508045;0,527011547111299;0,663280452636412;0,711678711693348
0,4654257706548097;0,582662058728810;0,569034500816658;0,606845424280196
0,5994620781378829;0,553205566036125;0,522965975877684;0,710349359303409
0,6953983495464791;0,537299190449398;0,331692166810773;0,641641576114505
0,8131516702619833;0,695970343380417;0,757744356449107;0,668278072003848
0,3745908296898022;0,794482097911220;0,182768506629899;0,431023983497695
0,4264506832505328;0,843798255260127;0,554980570639118;0,818158403042994
0,4866269320124655;0,570098151438873;0,118941290283193;0,896490942125416
0,5683252904795130;0,524634219475126;0,584825960903692;0,597849218610301
0,7768567631682384;0,587270132496654;0,863593890709508;0,495969909560214
0,6616670189654453;0,576772504281364;0,514443189981009;0,527928004190144
0,6445694683048329;0,660459117449734;0,476848490027077;0,799309460826505
0,3346436888358311;0,583040422955276;0,677010986402149;0,673770480739842
0,4674770427416234;0,792508321118313;0,515847332324490;0,809495051743571
0,7468162720445332;0,858563953704521;0,582437804532433;0,694235141559395
0,5657897453966849;0,638681488815626;0,272561412511773;0,497719427213307
0,6075262871433390;0,624246521739590;0,733494193066220;0,741288278152648
0,3850613359695541;0,646431638672453;0,671666619976144;0,639582842933145
0,3446237168377580;0,397318999275477;0,567753895939679;0,339851241857473
0,3528069759442721;0,501271729657818;0,712314784423018;0,534107818323361
0,6687758649155258;0,675814781378372;0,512267607320270;0,629242799922756
0,6072890239824146;0,377564626084678;0,449826633445411;0,737182569557485
0,3882880750857367;0,597639657373585;0,740222338137953;0,650847311800691
0,5008502309236209;0,362178386933797;0,379115485794229;0,525930527497250
0,4364705520118612;0,514066481069998;0,707590026435863;0,642968256857991
0,4537832173542889;0,559477967369321;0,510758383814615;0,531409801220200
0,3027425260498551;0,689034845761332;0,729483954370404;0,595177508237500
0,6732961564188141;0,534589749886803;0,311716444301769;0,375780123307203
0,5600351648633036;0,698187908248565;0,503947145330929;0,682534597730123
0,7414838363532809;0,350328764499050;0,527159348270102;0,755015447623495
0,7218141378504737;0,471135199577712;0,818773791591381;0,560311474694268
0,5916257745270385;0,646205563659641;0,308487420479133;0,603991419756406
0,4101216734968744;0,355407180499336;0,791070646288908;0,500873111507045
0,4617860046882196;0,498703905494299;0,640257756539058;0,458229874227862
0,5077679951169276;0,259802138336310;0,709483067608203;0,716317194731428
0,6776619719034713;0,592191500931859;0,472134233263881;0,467146399565477
0,5928213039235937;0,634117713882743;0,685638739379470;0,424524088880326
0,6458383771466897;0,512642827705228;0,541083584174753;0,741106435982786
0,5162388490119908;0,481120884319137;0,564449819699614;0,730469207105934
0,6566675767635609;0,593022786641576;0,423250556254489;0,287032088052267
0,4927903608676449;0,649546146858924;0,582647937309863;0,417646081801281
0,5468033146822066;0,528814795270571;0,623582474810482;0,392599773774048
0,5592265576818956;0,865505446008704;0,536046472330952;0,561404370883549
0,9464823654780091;0,427746392532898;0,744994615989998;0,369633706342624
0,7271842434020850;0,523204226799996;0,437570881880964;0,826477058815422
0,5541352632075812;0,304530270216335;0,514468581914958;0,486151393575068
0,8071247096451920;0,684388017727175;0,849205285659488;0,892692799431423
0,4935441785408455;0,452304937786200;0,528719842846469;0,537736014284505
0,6081980178865837;0,301116799708304;0,426705569796367;0,452503051855921
0,2823483907995603;0,526056757054102;0,530773354325252;0,599949843499039
0,3573920451291227;0,830426097337177;0,724699988041651;0,570693826048888
0,4467726393681711;0,797351180430303;0,526222101845637;0,520699752093164
0,3654260416045924;0,305191367437139;0,655716801754074;0,495404863479055
0,6211323147594441;0,530200240013010;0,417931334081811;0,584718308526588
0,6071535631480151;0,229589704130003;0,593253116164756;0,601366269463683
0,5164930696729649;0,946008500133272;0,690099917180798;0,426457851074752
0,4614381749171799;0,590482499751109;0,675158646983257;0,588327769230312
0,3333306288037535;0,436904292247893;0,642429491380796;0,370316823197137
0,4577021616886667;0,670340505072290;0,510600305069361;0,461562204126663
0,6364666603269992;0,569642846263188;0,574166194541963;0,678937797108257
0,5496967967641131;0,702952967586239;0,722480492957705;0,502808215205442
0,4356182947132642;0,570324945164939;0,645467940872698;0,732814984051851
0,6341590834929954;0,478463663276068;0,691593099330295;0,723753510661542
0,3537855687637321;0,447865818359739;0,495699238335304;0,551158609824335
0,6760237043725750;0,253401309608669;0,821308520952454;0,493354810578041
0,4204275874624007;0,578758558288126;0,543646148763103;0,616073830161559
0,6933834074855297;0,559262449235932;0,479635109809607;0,516612442597178
0,4216773188143703;0,547875016983114;0,585869606781319;0,503368589531435
0,5113729300282877;0,836705333442775;0,591291747409046;0,512592677519759
0,5695323163440608;0,568196638081886;0,494187143870280;0,285193853458846
0,4280524965563916;0,436097337122108;0,936322644995087;0,758941527086446
0,5794840706592569;0,537018665281181;0,282479969598773;0,743926024979975
0,7863913734667752;0,634627148259767;0,521748628106111;0,386556222346242
0,5097655748821633;0,237191197240573;0,697433383481753;0,494168095933108
0,7039749785396102;0,467585469492168;0,724705500292788;0,596931745499856
0,6716102233689639;0,652458858536847;0,828762413372590;0,600784631527151
0,6657790996843830;0,540006695764030;0,414261901120104;0,683242653163638
0,4489438090935072;0,377656021288776;0,399829019641071;0,654163272969142
0,3353762886650026;0,394461547751198;0,536822379764704;0,599332035752265
0,6369602240504417;0,731602049336196;0,598837071241366;0,505536409202771
0,6082877084228957;0,417528147321103;0,528283143876209;0,565847067847376
0,5027499304017555;0,548944166391247;0,385915370350371;0,686787987999555
0,4723901014035198;0,505299016248467;0,448941373058167;0,358722878564980
0,4521378812199180;0,536410317801684;0,630908280063372;0,532837241767826
0,5552985837851291;0,540637205446367;0,537504894283736;0,315265453640596
0,4950725329109837;0,732563934037576;0,821642730868032;0,529707437175029
0,5087878003849094;0,683721594832362;0,531667581542908;0,543255192043270
0,4790699660322484;0,687590493258605;0,543614285059422;0,661361705764760
0,4757581408428303;0,538467756459430;0,235021445822246;0,320722259480209
0,6297705545699609;0,654973255995079;0,880867657446634;0,526276323437142
0,4792738956035606;0,451041482161916;0,643477625778039;0,431381496960540
0,4651860401319906;0,472954867257739;0,643623260205403;0,642662879583202
0,3834289053653872;0,642691051857544;0,400468726927130;0,874642600964554
0,8514520495222507;0,741929363734936;0,455576788922583;0,738287257329588
0,3659950745450036;0,588726817022707;0,892141525018840;0,686264915648969
0,5801228983969908;0,508044039340787;0,431746802308035;0,493645547955444
0,6910091635494128;0,628341958115150;0,520593315059503;0,477489543645828
0,4434558592478909;0,865995188497925;0,759635519634203;0,513728101159311
0,3555577167635796;0,752884551653240;0,726846222705043;0,591324345611790
0,5987305454476636;0,639878457205625;0,660984793332603;0,407275496381372
0,5702825682556906;0,473611338116371;0,925343344910739;0,467829921560535
0,5602603859312233;0,702035729383531;0,742943930020599;0,458218314157172
0,3598239042796775;0,637386025509949;0,672993741052816;0,600462121935153
0,4513902847167138;0,539778985043222;0,506637227196597;0,673620864796038
1,0123558688267715;0,455001694556467;0,626795141965934;0,553822727233272
0,6883597722444015;0,915180307861605;0,629252354899342;0,470542380967857
0,6302948260293638;0,720634340814000;0,423595984328078;0,691766580553086
0,5407628062376203;0,543124647410894;0,533988370789523;0,650517534271342
0,7043739944102669;0,545706389226767;0,548824938167917;0,660998931594044
0,4974174217291363;0,197006195183773;0,483115436011449;0,536810688154729
0,4501891566706395;0,454756163017878;0,600077058293348;0,838817474923634
0,7230694036916183;0,390448535255479;0,368409537721284;0,806071318998476
0,3728371397673181;0,437035870901365;0,352147029795014;0,704119050460906
0,4522216896735438;0,679519665093715;0,369007659232569;0,463792805662938
0,4468637275867851;0,666620276898328;0,728258047801872;0,650839439768263
0,4529117326335561;0,891805995235616;0,357375211142906;0,766865392185361
0,4886312669282319;0,812703851410179;0,615213920464552;0,603642505775369
0,5765382991123903;0,606527856660523;0,410180115602627;0,576264647705651
0,7372402914064106;0,493450718622618;0,559270841525255;0,901606381977735
0,5656024772362731;0,716305203205499;0,688028328720425;0,591881490281826
0,5362322219543048;0,322108477582105;0,211373551096805;0,583883319135030
0,7448101494346759;0,514063682738202;0,431452514579685;0,470766360615100
0,5511916832970071;0,324238820965080;0,442607347693726;0,492464375595916
0,7980485355908561;0,401024332633304;0,548009209959379;0,356237796765333
0,6854464837572184;0,705275308646569;0,440665717556587;0,558609747953113
0,4715358046485584;0,557841051061266;0,526093871406941;0,657935937803698
0,5520057315325001;0,531150829454906;0,571205280347731;0,522531635139918
0,7334879698729049;0,368190260150923;0,653073903027219;0,539678766273038
0,6733010986926864;0,776499331793985;0,658221503481258;0,666133050577952
0,8233768343095683;0,605345085799710;0,448041290330133;0,753256262212154
0,6054347947522992;0,371356124252795;0,701909645901145;0,627922315393130
0,3295611412152650;0,773467818829305;0,781790840097934;0,422325992209742
0,4296256597317904;0,477061605210688;0,413386378608156;0,677608088717283
0,4687506225407882;0,619605114206108;0,703490085149639;0,346765351464841
0,5077713840642138;0,276646921047663;0,579846432645254;0,509513469328090
0,6267755551876223;0,542549485819491;0,327718462935881;0,223635684338905
0,6137792756516878;0,678646670986810;0,520087935907277;0,563074267332761
0,7634136302031865;0,393316178399071;0,606874762838727;0,482480400478705
0,4928662803644066;0,389457387659081;0,503033097648181;0,728412266974264
0,5409662488108157;0,422991220125347;0,361252653079926;0,485595202831055
0,2649652382128154;0,765242987118213;0,773007576357432;0,645093426421505
0,7794084660119460;0,600794012746599;0,614273013929296;0,606553059572608
0,8341552783578927;0,365157818417901;0,363333347848069;0,459880328160451
0,5733212964716663;0,660110933184536;0,632294999561333;0,660488157604841
0,5071542592237943;0,421516063420362;0,504824256498128;0,805855711986912
0,6171000064158948;0,635502746881945;0,710218634167492;0,403882879839015
0,5118982168069584;0,539170095537398;0,735780909535117;0,602985783885507
0,6149572215487420;0,555158662412750;0,494668748274535;0,530384510574728
0,6579898478688694;0,377742207272301;0,476328859950452;0,706990075335927
0,3883388499505266;0,264216612769117;0,607067672228872;0,473182180188374
0,6469839990291171;0,564385527810884;0,741549073597703;0,581459557230900
0,5178762581925970;0,657601810450949;0,380105026178432;0,551735072592911
0,5575799497294843;0,304995741687413;0,825948455806040;0,651290389773499
0,4448337494747475;0,293324441189383;0,549870170230742;0,805394155012170
0,6909927933824497;0,683951601410597;0,629232006796306;0,482538629896849
0,3781091153489900;0,657859365518231;0,506615314894932;0,502874023137960
0,4015372023841890;0,559492283624480;0,908303135800506;0,418361776473288
0,4975949411385615;0,460564573681873;0,513518044473734;0,777120643850731
0,6654926021097930;0,394805425708326;0,769199345895316;0,826077694183349
0,6860482422307591;0,831055602714126;0,394934352601476;0,756817577189087
0,7529674326871111;0,687150728938825;0,362944366729246;0,269183138194304
0,6388822829341247;0,595618537542585;0,668019630251556;0,671379909169291
0,8612824846742387;0,592831961829615;0,548588940896994;0,601950390160286
0,7914119797272935;0,509127481368004;0,389172934016697;0,436071319169552
0,7780190792155957;0,622433811903309;0,707625666379618;0,740786128291531
0,5779452397442454;0,665625091874254;0,532109391203162;0,759837740085814
0,4694812401224387;0,309437457191425;0,420448780840302;0,503697682905059
0,7650214039062210;0,474612233675091;0,699515708314726;0,531344258456951
0,6424452439495024;0,725376570436566;0,547965275803335;0,501433607100031
0,5590719867840234;0,329142198428707;0,660826946171165;0,838163869090973
0,4658780769602931;0,454759537036028;0,704472413892175;0,507706157992135
0,5537861071460735;0,452169336078363;0,626990558857356;0,506626304219339
0,7746694154175623;0,364123895618894;0,583681674653992;0,634046698116937
0,7452993618662188;0,666787625518067;0,646309790572226;0,477892255143643
0,7621974249511407;0,497210649161680;0,606335119864884;0,705628093152190
0,7866142730199757;0,592387341574480;0,451744762054696;0,462120824488657
0,5195507114572399;0,592461407709767;0,441873926314827;0,960471298975987
0,7153588521302028;0,332441515957632;0,489102543658976;0,560226159752293
0,6463770769426579;0,667691329544332;0,567819289786104;0,351099705428135
0,3490982057494529;0,373293505701008;0,873423707634761;0,475087262888528
0,6668929492669793;0,585339285479371;0,793545245506850;0,692591484791848
0,6073974340921880;0,455637804813778;0,513862895539322;0,626024818041796
0,6625168417184456;0,813615182208961;0,609274113637473;0,375738745113672
0,5334804550487084;0,675529068320635;0,329437562960330;0,698454529730699
0,4739117949779650;0,560937671527841;0,468373440245062;0,525796506394784
0,5418431186057240;0,602556538257590;0,514656262574754;0,636109198102972
0,7151146972827991;0,299067397632149;0,564160582857161;0,639413039895799
0,6899761462250240;0,610091015348797;0,843251552099358;0,678402680897534
0,5150535939900329;0,671474430716112;0,701973788902473;0,760210053537328
0,6904041065770403;0,470010119084529;0,894321270937168;0,518043260286054
0,6530985222842308;0,295835403617729;0,807552836922858;0,274717491820492
0,2483405804484028;0,571120018489581;0,389445604341578;0,821786130885983
0,5356438586101105;0,676507033894519;0,635715149388937;0,569920261031326
0,6368230858145107;0,480233904908408;0,648077865407648;0,666383514072100
0,4417730044319015;0,434982713904904;0,633585119691389;0,701245350445730
0,3151163277920703;0,579615279808851;0,432486362600889;0,438803528760854
0,4939278025560481;0,414120200750802;0,424255200395162;0,337201160831539
0,3863298577668084;0,739129062571252;0,522166037258877;0,731646393605117
0,6349299789780030;0,488891552366910;0,412631056244170;0,437185634885848
0,4967922152802844;0,491413986766420;0,756505135866693;0,407309890447188
0,0685009911147962;0,718197764317706;0,643946301874688;0,102503768811941
0,7202060569262357;0,695118411467533;0,723923058791275;0,551759456215384
0,4159660803197889;0,518865870193775;0,587798814911868;0,634678979756447
0,4398736353787925;0,874503225853293;0,477315958574979;0,295569628637984
0,6708155332773380;0,510572866465103;0,698557003285842;0,453827948698876
0,7011354208036390;0,542589231245052;0,655785849010334;0,597041397484911
0,4226844156075732;0,702289516584392;0,425033711758706;0,720476457410976
0,7058535737736700;0,148790962024930;0,557246464201945;0,503122500472722
0,8401711610910823;0,559560692973012;0,641446681913829;0,260861680297768
0,6521934874606959;0,668727375114297;0,526343409672849;0,508062083213100
0,6978967345543072;0,581027943829865;0,443466170280497;0,744751031310624
0,6752072263980369;0,685247201274947;0,506723230734087;0,544438243632477
0,6817435648826502;0,608995198171035;0,643767326296592;0,727354275484671
0,6218105651882632;0,643115593081663;0,546148828716642;0,876420551138899
0,4184152301527385;0,460375614716442;0,663323458589576;0,791520882878987
0,4791903471927932;0,377620198905713;0,503547991228367;0,442553634537164
0,7378112121572850;0,719712923624471;0,858203441813775;0,372744041803858
0,8270842950793454;0,698602917497042;0,552374304393261;0,649904353713936
0,6772728724743120;0,676449357584523;0,716589691243020;0,551730128987250
0,2620378780757776;0,867024403092393;0,630458937267689;0,581277055915955
0,3304149406338818;0,699035826882133;0,516793242868866;0,670861361139718
0,5404811485444827;0,664528145927624;0,806671542230475;0,329732817285471
0,5544822651647440;0,887686886318789;0,450708798608418;0,405208512059704
0,4493016209336623;0,574272530704526;0,752811111268712;0,757902811711061
0,5349189984990074;0,583929159981574;0,513400330929726;0,608127243109024
0,6488485574135269;0,627492356269700;0,601099567969552;0,865096137766321
0,6760314245417929;0,722725321404353;0,547942189512486;0,535130644739354
0,6147946005188488;0,505848276645145;0,546585708043042;0,738122589241232
0,5753247056232350;0,489083534491484;0,530759280418705;0,549670117536665
0,7317882329565173;0,759753106049725;0,608699637579453;0,538464936748016
0,7305797167043673;0,646840355575589;0,544600723629753;0,695610388711245
0,5423007313790330;0,530473672446393;0,502111240930460;0,598877234092146
0,4368199788975469;0,495095604337044;0,233776107001575;0,540837995228185
0,3491786704090453;0,550179110072643;0,663802316905080;0,643347870512793
0,6350407356849814;0,570996321009827;0,618226022315239;0,514978690766764
0,6990589476256566;0,776055380577389;0,615577817867946;0,550301347121427
0,5830710201698711;0,444757659816227;0,434083878489564;0,515956641361764
0,4759756966870519;0,780342112472328;0,659912949940717;0,197356880654035
0,6582275373896467;0,529303372589878;0,643737632978539;0,670520299541674
0,7651273539914197;0,611526155784703;0,587239241530822;0,695857411921002
0,5205459463946022;0,662906267387514;0,515562858588527;0,466408188092354
0,7915502962508164;0,549215996220640;0,610877384393297;0,325105795272940
0,5378504081657425;0,574976792629003;0,624741005378729;0,787987637776960
0,7591730858992805;0,558839913107684;0,474768825455714;0,523216352101426
0,5296907027802411;0,571145499296273;0,420738882422632;0,438516982406139
0,6666823558622141;0,581639501449731;0,340006352830830;0,574506598822104
0,5383566956494754;0,640794266694249;0,715706885789756;0,797187423796932
0,4043686402302714;0,802624785011790;0,547614895306187;0,768536242416702
0,7114251164358718;0,725550860345380;0,882437339245028;0,672298783278093
0,3342619047935179;0,719750063355051;0,510538550225593;0,427405368687514
0,5874309594430411;0,538108694313957;0,546577202760639;0,396509218964130
0,6388575047895666;0,810044433156652;0,493528066033863;0,614716880194709
0,3586260958348910;0,292547437393985;0,691977862144802;0,520824966036809
0,4861267181731874;0,271188391298955;0,524729939978048;0,680579393040802
0,5296286247887561;0,677546048849635;0,539264137933675;0,551379929542897
0,9332779061648969;0,589991574571782;0,771473086082293;0,315272756114089
0,8492164118285384;0,772248217453062;0,802404545926346;0,496479855875914
0,6274865925964411;0,587578905045332;0,469946541889650;0,699722884598987
0,5742742059660971;0,637870601917902;0,674978421181911;0,588499105618545
0,5992146342145562;0,725352353446769;0,550336621528931;0,617303741214018
0,6394994843539580;0,547558027158953;0,420036487949819;0,533154677741865
0,6608328954170906;0,485539429596784;0,714467611507042;0,606693969234389
0,3801857207566688;0,371978970356271;0,498339031691030;0,746263477727746
0,3984473407424761;0,617600628876563;0,410476077444487;0,654383068738990
0,6949802966504181;0,608145081048487;0,790428547760982;0,575621749935934
0,5623397281231104;0,637670709636046;0,750830673856011;0,471779933252715
0,4230809786488784;0,472692243947061;0,333392199890720;0,959530658166775
0,5945576382592168;0,909175695490585;0,261596020484544;0,706365024839265
0,5553885653281566;0,615322435212268;0,717408555857342;0,414395551163769
0,8010443154325672;0,540504546140629;0,448283299531272;0,791759583119863
0,4550289276757378;0,335562145235195;0,272104631770234;0,532839174611420
0,6145985607636482;0,554628234244797;0,704300400753730;0,680268632627778
0,5660948660722331;0,484596143273918;0,633196660272496;0,446991299903444
0,7811591223735731;0,669745486077468;0,377950372179615;0,512106796299731
0,4112411108133866;0,688238961825224;0,376637448316332;0,517424143960782
0,8599172872936951;0,723767767133683;0,253966778794119;0,216010057975858
0,6790548009492132;0,614402919399652;0,477602255809401;0,629772806402404
0,4608084672034414;0,517586419802228;0,409769449668965;0,487295471125175
0,6333307306966408;0,384957294988468;0,437066724897133;0,811576076005941
0,6375945438010546;0,288090865724868;0,423161407244796;0,277441530249090
0,4632810736351226;0,692810676378024;0,757605238439609;0,560447301578021
0,3258116072587959;0,471256584502020;0,289632494940840;0,661643835950499
0,6939681408421861;0,641267051856105;0,484770876219195;0,648204314404714
0,3104093891447097;0,509947010115542;0,650398828415100;0,636019222505744
0,3640476270806738;0,565115277250606;0,763354215488186;0,676893838850601
0,4227147036294548;0,567326023138889;0,889933255132471;0,718146069477653
0,8044217620904153;0,558379903091375;0,549123650103238;0,788842344771333
0,6419238099513154;0,435780842499212;0,665626449173669;0,691683121297816
0,5711470126739109;0,493941052890797;0,564225725644814;0,660077623873758
0,6973817939146966;0,199483439946499;0,637678064068202;0,479847694497767
0,6140441218029873;0,628702671094775;0,388312601651364;0,394726965020070
0,1777777087254596;0,821770588193283;0,537379498428633;0,296340312389264
0,5683704233743445;0,720348875677566;0,461729051363958;0,340755510181551
0,5671303943442615;0,734036791528157;0,717996065236443;0,781931075309246
0,9345889897256574;0,384153798064809;0,638433812847688;0,782318303723910
0,4228973115499588;0,558360898794245;0,498202368759237;0,877694471399430
0,4018065463630986;0,567983754917599;0,724074359933368;0,643690379867231
0,5962613248296829;0,514412807130414;0,739247709456873;0,402401886186840
0,5765825103946759;0,390612671990683;0,667590760312886;0,763146717552111
0,6740215145177276;0,603118070046345;0,578440330403686;0,635037210478498
0,6537440005245483;0,460380888605983;0,600293433773222;0,532208172325838
0,5030464883022785;0,499240472621669;0,359517500195293;0,235069153643325
0,5471717493527990;0,535270449643257;0,774758589337140;0,630979530444058
0,4851495357774908;0,240750427601754;0,454964055097106;0,372701148620012
0,6056683013338170;0,543198270996181;0,558579644585418;0,685644254660455
0,7096236623595128;0,384242418552094;0,478153644792879;0,775774592007927
0,5683110066899597;0,430883724017870;0,711700262180595;0,744181544799452
0,5886224053700321;0,355352600305646;0,521857484696122;0,386808107010817
0,6441478767824156;0,396584642387552;0,644947425832417;0,330866838352655
0,5991371012110684;0,372752940134526;0,705792708674532;0,799918547691787
0,5174900646709427;0,530524332613607;0,365164618529796;0,601129971200082
0,5064016310367779;0,600035277520937;0,746759319111209;0,505828996139211
0,5226661061143886;0,548184588175878;0,863302933912425;0,588578801109812
0,5829882785317371;0,561591253284755;0,420705545337119;0,593282644622856
0,4675107502902990;0,495764110491144;0,478841100674343;0,945897037648609
0,4115247880826365;0,925522851220570;0,562538327976013;0,540047978147043
0,4226399464899446;0,509031948636734;0,327538697937018;0,569774668206656
0,7034248407440520;0,718278771186999;0,852052703424891;0,492432006090018
0,4224137122206391;0,518693138675258;0,718844849144692;1,018942922230215
0,6658901878791611;0,389586012227922;0,411111666561929;0,735845592875666
0,3883906185721109;0,288318882831403;0,588603706302212;0,584867160008069
0,4348808658797256;0,503647540223568;0,503269239891153;0,681960350683322
0,6548598318921650;0,695157667222018;0,486718279151543;0,737944709233672
0,6968772166521023;0,462424989300468;0,488081565809390;0,628017339461300
0,6682278343790685;0,605021091674660;0,780305288386890;0,636127094978621
0,6502271071405182;0,587736514961673;0,597619376189529;0,593936094497479
0,6392160815783778;0,495503199971747;0,444510351141688;0,594878547078945
0,6810606490540390;0,566506597417477;0,307931908155933;0,549024648857334
0,5688398883229073;0,133305764260550;0,584421037017673;0,599837237226360
0,5607165327000956;0,532706894540741;0,350864868913914;0,646548642440718
0,7041021617295344;0,530745541070026;0,375958931136881;0,624172910020182
0,6532612115309625;0,485477276480107;0,327648152630382;0,279438194379281
0,2299305243218623;0,588796963125949;0,545015110005977;0,484876241182506
0,7223789245483311;0,740974696376067;0,374260888348191;0,936654324586636
0,5471689286039038;0,465197435262550;0,528828412096839;0,170607173322422
0,6145193454072767;0,425748226082011;0,680803359381934;0,831202194801484
0,4629624114340365;0,530382586325546;0,599193549968694;0,440584554477665
0,5419585434265706;0,500886039521029;0,489190816744638;0,378588890800667
0,5211974928290101;0,556590175788348;0,415558150879763;0,634000413270513
0,8020161788333735;0,752390501880684;0,694592690466941;0,542382885934466
0,4307533753842686;0,591280606844363;0,587643073707263;0,471191755786533
0,2925622427982883;0,614255354412605;0,485946383601176;0,738219800511114
0,4629019977323889;0,384997951825697;0,558297885966861;0,426157925322972
0,7097696070957407;0,614016738335891;0,658195536195536;0,740835074156211
0,5570209616163314;0,634308852130013;0,727641383561146;0,257951004140937
0,5243369713860762;0,772425317205622;0,300127615222346;0,498063081149806
0,9938985695912677;0,539735601276674;0,478314754912740;0,683177218520692
0,4457892121870807;0,494205348044607;0,544570789986741;0,417178625750042
0,7313281405739178;0,531062506124414;0,526655841049414;0,461679516491158
0,7511596428979433;0,707381265897788;0,336873828579421;0,414755601508951
0,6550791546988386;0,644256083060826;0,522079837561865;0,711561835784845
0,6100828641715240;0,551788776940340;0,347859622544745;0,540616405067423
0,5493469744795699;0,627573284658455;0,504834964129719;0,543953071283671
0,2010652417258660;0,773336242491621;0,631326189743995;0,337980468439851
0,5910497998613893;0,475698604905382;0,642855793006275;0,709316081891080
0,7429659291971654;0,472759407351920;0,750656070305442;0,475602225417139
0,4853635525030924;0,734668182213918;0,774289683962769;0,542412470700583
0,6106078381351612;0,520666748022596;0,769768609237087;0,742485150313943
0,5364336845199440;0,718776545543195;0,360237638506541;0,502555911925978
0,6455365535874794;0,334389415991404;0,363334220456247;0,633798376290203
0,8255269147870928;0,571359461472914;0,465693764156221;0,510578113517184
0,5716849138760869;0,402230421504747;0,650853367695879;0,657367880446739
0,7127117878195144;0,581818584236535;0,770046070733140;0,733363764677206
0,6776593308145680;0,478111742865731;0,445316039943866;0,604454328982862
0,4752342775718945;0,513456222382751;0,626111080457703;0,429410757504994
0,5466374529840381;0,513067231142799;0,529712848357467;0,729644805333409
0,5904807867380478;0,608199556692770;0,710979071298365;0,653634021747045
0,4081728994447891;0,677435641225724;0,612983107758830;0,681628568726919
0,5832313804235197;0,509482992493136;0,589869185999581;0,459693623969299
0,6114561822148600;0,594844535899963;0,857889833206946;0,752260777036060
0,3595742094471188;0,713006070057711;0,773822840850355;0,345837907698959
0,6318248483955068;0,409454769262715;0,433844276681793;0,427649048194516
0,4988999098851400;0,702662982551962;0,638631661334811;0,375208309249324
0,4937853026240165;0,770608119271454;0,502814674215036;0,785950275692489
0,2226995680691614;0,526719117506098;0,370959029919137;0,564258396491291
0,6251975057365690;0,455152241004794;0,464758384469295;0,649458418956117
0,5341837474097848;0,564819659217538;0,420492679912085;0,519537870021070
0,3969744781239883;0,493361709352466;0,670509342799239;0,745086858221337
0,4993267257784857;0,584974251223878;0,333826222221836;0,605270754742250
0,7733285698195422;0,461286952487260;0,441881849409099;0,749479209206273
0,5920593476464537;0,841091861447379;0,575539358679424;0,487052122002611
0,5036428531283486;0,526491400143954;0,791252763051610;0,625092287952397
0,4966117429774897;0,694246775068486;0,533089468259878;0,330954835889201
0,3977514228121003;0,459371489062509;0,468264742243327;0,555250513654048
0,5390213886813615;0,544022370777129;0,527580496138405;0,802316697558164
0,5343836087335463;0,585351728129088;0,456751912719042;0,508118461002043
0,4190225310588513;0,570907829904490;0,580135414850936;0,484485974300103
0,6493858925262850;0,510944550499623;0,432999484101885;0,582829455859074
0,7939129123239822;0,763828292871406;0,497911537121941;0,509182651501454
0,6920739477209176;0,670011678800871;0,469327239859295;0,531033174755601
0,9055134790952102;0,805152161771362;0,886446179418092;0,461172139937734
0,3586277991248749;0,511481240383253;0,511454695713544;0,512667889454839
0,6290249786631877;0,227717307438506;0,563360163746910;0,720392687801986
0,6163932892660139;0,661492635560860;0,517511558115927;0,571822102661130
0,5773012307646732;0,597553848067528;0,571070909697175;0,368357796182525
0,4720977450311887;0,658816972864587;0,501399944570351;0,805007449238954
0,5252176583016683;0,465640080161794;0,605991752950380;0,710974137517016
0,3843079244423304;0,471338056220483;0,448117782537936;0,683017456005710
0,6394087656291831;0,680380043222994;0,254486247479833;0,586080765550442
0,7411830203579073;0,571482230421764;0,572850222761743;0,379866681732787
0,5644066294661578;0,547662225472864;0,463811981311076;0,522160514274689
0,4736487496193069;0,450085672283437;0,253921381050286;0,501520541562488
0,4932748956370853;0,645258901594993;0,514138189046935;0,266509490621738
0,5577871185777280;0,703065211804068;0,702753279533783;0,633971775065957
0,7442323682170969;0,607228530432444;0,477453130999509;0,547368463862162
0,9965983045252250;0,247447064347561;0,401041425667038;0,316310502381697
0,5359302673714066;0,508173017130484;0,368067281418296;0,111274389510358
0,4593433093062869;0,538912123059273;0,407553880097051;0,711086940539513
1,1080412937126518;0,526784419402111;0,457024988666987;0,603082678816521
0,9604737213463204;0,749134740086997;0,378952422507819;0,607361639091609
0,3407742117855026;0,239896345953326;0,590313425926833;0,519238983973737
0,8298198761392185;0,399351755942255;0,530769202631128;0,501046233707940
0,6516224018231104;0,727505438640751;1,115377013648004;0,636250528743009
0,6947604809872825;0,825957166289199;0,635609042244060;0,562126722064704
0,5122434998816092;0,919849140249932;0,444665763555695;0,486140572783820
0,5700198479077655;0,617101895969289;0,563625887499932;0,683128142637788
0,6669326713608091;0,606871413636605;0,680926149781140;0,568862468288510
0,5494471288693813;0,495415733567099;0,508627025179792;0,488339587212528
0,4762725272106201;0,649723929732047;0,781429039251147;0,213949186589835
0,4723683752739373;0,696925043181233;0,461668066684773;0,103782112304412
0,5462971397212549;0,429980069077468;0,476000110071781;0,275319670161310
0,2722475642052510;0,700938489534638;0,394088291840609;0,333317985455879
0,8461328134513816;0,737330514008942;0,575037680871508;0,453788079346706
0,6624728473029968;0,762817060062091;0,650240450889057;0,525143659718899
0,6355210282343700;0,743575731294955;0,607839001351422;0,717348238472658
0,5896930212946258;0,574917303179662;0,673336648964921;0,513870342414744
0,4358545598287186;0,653353225369372;0,732660992089830;0,456328354557548
0,5052804726624031;0,417701996426867;0,625550305777749;0,702711697957524
0,3076343208721992;0,665225515963873;0,377587352455159;0,641039595239636
0,4276522801431428;0,589672185070611;0,505423274168311;0,653325922216202
0,4108382552712771;0,747999061324266;0,316446887344114;0,471455509545530
0,6174913847271137;0,369857363159436;0,585194904807197;0,671868670656144
0,6286214425088533;0,662297484124628;0,566118017367989;0,524249860542784
0,6029241982658414;0,410176028740378;0,521172642566204;0,577666317912902
0,5224654515061199;0,584158573390148;0,631068089095218;0,596559160947622
0,8430002487109131;0,734687510375367;0,713056991183779;0,614851677878090
0,5029380704209931;0,696737836833860;0,622101702270112;0,645924775252404
0,4406951802032791;0,588041765295234;0,635850483556656;0,468192072280746
0,7204338662348243;0,769955210722505;0,424646956964815;0,462950826913328
0,2454831530781067;0,606446270048946;0,671601924929124;0,605430897145797
0,7007111512574449;0,267292693584714;0,275212315834030;0,831575052469326
0,4837377038779937;0,644580598822802;0,836690192749413;0,609997873956922
0,5692064130788184;0,482484550345471;0,571142405779252;0,622598476873591
0,4751063327350784;0,335540595188484;0,616314398084911;0,484986037525340
0,5511816724111694;0,310636816333941;0,593994471854491;0,508359796148308
0,5589193930970573;0,461110162914500;0,615422941917737;0,753915900410685
0,6650134244750696;0,474272713676792;0,582532456911158;0,623066416418922
0,8288581564376488;0,792388922260347;0,729056487886238;0,581583173721043
0,4903473165069621;0,640526876065082;0,731659504057455;0,504755193861718
0,5555985298985051;0,381731092006261;0,341648402478105;0,599873008487979
0,6505644348275511;0,705187639548319;0,670921816867397;0,333498814482676
0,6747867859106361;0,750281929219087;0,379314776192434;0,560578606183022
0,6678633298757525;0,552422333607977;0,742741556232834;0,640626901363917
0,6966695255235467;0,325072298866143;0,620784515264142;0,608133816045283
0,5111861845547286;0,652082241120996;0,638730186120389;0,585692098677095
0,6595169440003362;0,306532532879397;0,458543767219061;0,407286233892732
0,5942924531389059;0,765108198935999;0,652454241078755;0,270975872109212
0,4743019365985242;0,587451227203962;0,431571486022996;0,425750799189987
0,4480782684308757;0,691322651056479;0,697527100297921;0,584329886005929
0,8106086844154418;0,987651511133163;0,436342517159812;0,714120513863721
0,7527202273520558;0,770115337416503;0,588423263429026;0,353711944270088
0,5061976758926441;0,771779682936015;0,443928880022767;0,320582439938754
0,6028851761785963;0,495832732631281;0,458928450747085;0,492894412211434
0,6883377926771563;0,408534069631121;0,676865732382687;0,867716292607751
0,5735237851878563;0,534767694347980;0,785058247025098;0,643729061277995
0,4727502473702948;0,361685596900656;0,762416565477411;0,309245462367584
0,7714429049973234;0,472294744923551;0,371751805759665;0,595786944341995
0,4146441937392363;0,656569805151719;0,760601756833475;0,328001535250179
0,6783404604692875;0,166819650712639;0,378553822055544;0,648737180113098
0,6235277354887565;0,686573293637033;0,543000278807112;0,810362641636428
0,7703046584825423;0,442196855094643;0,577324872376153;0,664921460264826
0,4704560650212382;0,633464029370099;0,538367002270431;0,179750408264178
0,6209932953851608;0,565149363740338;0,232493523641063;0,682689571662438
0,4811378139057759;0,621524151155759;0,676599472794108;0,501503901129646
0,6132755457673356;0,540696733649884;0,596087634079391;0,450880146049930
0,6205464125655468;0,624413403313118;0,352965119108461;0,654320371853799
0,7119966857292231;0,317990275827005;0,477845370939108;0,615140287501054
0,7450030057869385;0,828729714597348;0,510765742139666;0,549890007512589
0,5562490408999673;0,481952734221301;0,714375415410801;0,609892558748272
0,7179341474848216;0,838909263123187;0,574423560845793;0,732899261597917
0,6885400096791450;0,516604960713509;0,834831802236869;0,405409791270744
0,5114619045026199;0,464959271191724;0,499031756586286;0,681629948336762
0,3281250401376110;0,869778485682122;0,744280125528651;0,511382581773033
0,6336018967375439;0,805070253992630;0,668458620420066;0,441012794581648
0,6042914008660664;0,650172880099873;0,770391305098266;0,430350261970661
0,6958483756828060;0,630717396277144;0,614916652910754;0,617398456227326
0,6222655230536769;0,531878945580556;0,646712293064451;0,784250729288852
0,5948801636761371;0,602584616296360;0,624327558233238;0,425878344096858
0,6112184654388579;0,695559107803073;0,630703028083906;0,669745519463471
0,6742546693812561;0,391302937490966;0,649234449408564;0,409423118523727
0,3741926705990569;0,423223388562764;0,590641032390499;0,727707556054173
0,6934445343441417;0,458210144542700;0,541770441411202;0,824725623638675
0,8155678794424571;0,456057316734976;0,476260073777229;0,510958221717071
0,5313243049208113;0,583364061100128;0,516126165265527;0,725073261003906
0,6595705018843724;0,653363339889780;0,832272500045389;0,384076425693144
0,7249434930567603;0,495394757353741;0,566196787911205;0,780722571378175
0,1550766245860330;0,454422199496594;0,470960248848088;0,354638536238448
0,5989053203695688;0,687595539099367;0,413659553726360;0,318955080166477
0,3612930832413487;0,817717584164122;0,346004417140967;0,735761526166137
0,3869783262248870;0,818046221967845;0,447572477426776;0,362796236478608
0,5895619646666227;0,221599517012620;0,843240989817053;0,796826578000999
0,5132064979234655;0,659012575544177;0,332046246066652;0,796001249749906
0,5970932995154533;0,320037907351150;0,464598398522534;0,540262386443835
0,4838665981439801;0,434898220245179;0,490060167932164;0,470168479623808
0,5244767532240884;0,480911882532448;0,649195834113552;0,716679862554069
0,6025262665039886;0,442065636502832;0,971588360418761;0,468406616573157
0,2788936609527061;0,637927461963759;0,925278519163556;0,769796611801245
0,7979719438918937;0,711305219305511;0,449130452462680;0,609862831216286
0,6061064117899391;0,435152445699734;0,522736915963293;0,576547969324531
0,7101428801540451;0,764595183458714;0,433536077810171;0,355489895871937
0,5331690900721828;0,750654774274890;0,520331797826789;0,651329611781408
0,7005064671575468;0,574148738853286;0,650226534216624;0,432103940159223
0,6511431410879391;0,434225020168168;0,488483576467285;0,563746976284920
0,7214292268646901;0,512190423608727;0,495340000812957;0,341333559095675
0,4768683458131997;0,569834700425931;0,446349972345913;0,520775741909758
0,2290815078330496;0,453825592201490;0,319724375012477;0,501501771722758
0,6547086794995769;0,416577815038903;0,719022166906196;0,530821302698602
0,4007085532432540;0,638591274506355;0,453810590868575;0,655231988452138
0,4727222332515539;0,337428840538845;0,614878036307585;0,621560334200653
0,4054261470685828;0,633557545014348;0,442624352116899;0,442069501696317
0,5832295867737579;0,352532824251197;0,678764529431135;0,404360864152574
0,2084106152817438;0,703492678947147;0,426451805247118;0,595117791451738
0,5583800389371449;0,587225029128035;0,348964074063682;0,528897603888390
0,3002630950851893;0,458209379457212;0,815119837884155;0,675645179672274
0,4674549366617783;0,285932680428472;0,625374466034033;0,807439670084292
0,5697786615396256;0,917187248326572;0,539529560756382;0,551522456606812
0,4961780939264407;0,682752674216873;0,675306442741984;0,693747807015958
0,4965257531789364;0,611329286447201;0,502188221327066;0,429134848541836
0,4913855797274774;0,362443478999181;0,554794391782114;0,311217355690051
0,6474226936403198;0,902024452707045;0,827271413225322;0,718857171533020
0,3608926234691046;0,250460505535902;0,488477343091730;0,993727210240884
0,4332855147686522;0,709714832410862;0,531134806764770;0,470984909263979
0,4040525497085057;0,434585103451883;0,690851098663522;0,625729159043860
0,4751639352624359;0,597516761631802;0,765010416377317;0,408684370049470
0,4296275272800493;0,556849391910132;0,399539658795286;0,680503168861356
0,3612276311543168;0,472238906799528;0,512855835081519;0,520293704677595
0,8037743696261430;0,418196728592902;0,549203617138765;0,751882200150522
0,3557813966695665;0,500827206780072;0,488958992625664;0,488364334778913
0,5009867400070116;0,470644785078994;0,390468805832075;0,483734553797350
0,6661998298386848;0,674509459863306;0,219029875803351;0,593287146090568
0,6403228240021753;0,379950913312562;0,446825884013267;0,747071483817209
0,8577513608173803;0,367949853732075;0,571113831523738;0,566341529627344
0,4061563349161092;0,494853979138692;0,755029874902858;0,353768032379574
0,7685241423583785;0,445142679672973;0,479033694201035;0,483379680709333
0,6109426312501738;0,562029796703752;0,731211436230451;0,599725914134342
0,5612029368984980;0,473958526931720;0,557572806902963;0,661236430922433
0,7741414134102315;0,328251408743272;0,614280434097287;0,538256161692396
0,7722253930031592;0,751220575998187;0,717340531768788;0,352523751455536
0,5235782674721902;0,426989930873056;0,353031813062157;0,422041045095044
0,4225531220753049;0,567025073168971;0,772976589242952;0,428675353808966
0,7956492781418999;0,659973541988465;0,662929532968068;0,877469649174269
0,3980110304489405;0,467615942510262;0,556671511415150;0,572732527539309
0,2617368403549523;0,298369927336103;0,744403286500786;0,552820694592277
0,6142228202511306;0,731208174008091;0,514839439254154;0,570871970303208
0,6409179357113420;0,658361324572210;0,465099677019110;0,700850719304522
0,8234075322499963;0,493090092452979;0,434078549742183;0,809022904071481
0,4437676724726071;0,431304930611275;0,642291170709169;0,466046695023690
0,2991465407142186;0,559850010879037;0,973441793144852;0,602936968396818
0,7253952450494568;0,707581337016946;0,450840897937240;0,342994282437909
0,3397521081364951;0,523846987229691;0,543170487036284;0,481670628144265
0,6333002857108753;0,703602944335670;0,521603142211755;0,642861020561453
0,5696149320964952;0,196987055430322;0,562916452826092;0,617445687448483
0,8640048849250003;0,651814688084789;0,723294487045500;0,567098069698304
0,7536056507325977;0,780639533980253;0,442878055940589;0,508688066830453
0,4919326941866434;0,683877116353647;0,297319966944459;0,722592336218409
0,5964199807642852;0,515033592435818;0,452295157361740;0,865974346377112
0,5199635678032547;0,802567871114601;0,682895226096698;0,401237553370094
0,7083639305594468;0,689022202414367;0,431665293307392;0,647050483464809
0,6305786580033930;0,575424744630155;0,584012850224646;0,445042574079739
0,8108833118127414;0,866006991914010;0,465404481133876;0,674350585923494
0,4449409436853085;0,492598256663619;0,807326642256436;0,516357306527395
0,5625003316563703;0,484644083910021;0,724885538755038;0,526029582484519
0,4039947395283504;0,325072955477603;0,841869927512864;0,723918703300737
0,5211915034602321;0,892055772319227;0,505175090798849;0,479754931211604
0,5080544872437133;0,638792292756614;0,449395136535564;0,378778243259026
0,7878341686820418;0,559360231681543;0,471534174481663;0,898547419283063
0,3245775359397152;0,659900445538447;0,851374197364379;0,508927768082075
0,4656566175734902;0,505596983261533;0,242929777712401;0,689812791400642
0,3597393488613417;0,521674046190867;0,780306021992376;0,774713739915605
0,6741246865848741;0,157064447013377;0,716453408794036;0,479548080211389
0,5080000222601402;0,467339540540656;0,437138800224992;0,678036679147144
0,7726457708973069;0,595219031195308;0,456130385416246;0,606335423866153
0,4767490748571170;0,463702162138110;0,483113197621044;0,597092780611191
0,5493780856265089;0,439452758355046;0,332039910677534;0,471733322219902
0,3173023216211650;0,737825320619632;0,666896596231137;0,311272113744764
0,7352034756498327;0,524198520547787;0,540741057125361;0,661857140832418
0,6610535173422786;0,331354834281217;0,475249444037993;0,751860473209189
0,7725288578977512;0,276341947150711;0,673844363041561;0,444991842280778
0,4815095722456772;0,274485994415664;0,583139542815049;0,550522960372934
0,4325445173268361;0,759450854957085;0,691882534880464;0,731661383862907
0,4275250624280528;0,782703794979544;0,900564230238117;0,458148188413849
0,5191097136755489;0,753030858904216;0,289976695516856;0,668675626254638
0,5187405966959989;0,593001370829080;0,605562517567005;0,645991105794358
0,4521132391510668;0,366351900296136;0,610386540171259;0,539690891003024
0,4468956378929908;0,831342826523071;0,605660408633570;0,362031944139134
0,5308386827761983;0,443754121071420;0,596638673277067;0,617315613187503
0,5789320719698320;0,615168492014757;0,536759470005639;0,771870818345658
0,4643503324707608;0,592677479569289;0,521053923034303;0,534584432847001
0,7232449433016797;0,671786062190438;0,467493574102832;0,391472337966554
0,6815031333348984;0,931496026180331;0,338625343821771;0,557636792265673
0,5686828853006883;0,809242441396945;0,396735337330668;0,497713048611859
0,6425438342057044;0,450527422350734;0,433514812598114;0,891679766192425
0,6212505887452111;0,625720194841801;0,669896861054715;0,724271462925114
0,5470207329588770;0,647488204274757;0,565557740330232;0,718888696261806
0,5324204975323571;0,426227049788083;0,578635642429594;0,536304823379315
0,7932490432606009;0,636340868087341;0,860443427076568;0,557817110386838
0,8119743602228120;0,475604045038888;0,424716866331815;0,500561625273497
0,5587890601598869;0,864389582351787;0,472562433040321;0,661875812451647
0,4997157049564128;0,587590523564022;0,677713829335174;0,623278074337976
0,5852713012668381;0,979308895222604;0,772503830488958;0,523113044094222
0,5867275731568303;0,816484087498205;0,508034290365207;0,483480950710279
0,5725218277524834;0,754179476080989;0,561248363978768;0,751098654016382
0,8045495487524138;0,792586285804041;0,552741155418663;0,801498037725032
0,4218109343597288;0,752840812661026;0,873443150280965;0,604962341423023
0,3193782890681204;0,870706810726073;0,636144143655872;0,906133019458386
0,6140183605407005;0,401498025297270;0,992110395245259;0,554046151597951
0,7181946364973549;0,355383043738703;0,838303762180918;0,506660204367897
0,6717754987811501;0,906182207500725;0,477093808999262;0,301746771463565
0,5671466220392830;0,828818166111870;0,765973141957259;0,722240032978797
0,4283516197769388;0,906154705032387;0,515820542383703;0,311707710497127
0,5380095589739545;0,542339159615586;0,306481658701491;0,659211056968975
0,6337920708884817;0,682796462737690;0,897318599193018;0,312471745017097
0,8532245008382024;0,757751809484792;0,670756195830084;0,551418807552606
0,5527145695853816;0,599420102622662;0,808693767819909;0,535601222102418
0,6386824041220597;0,712754348109038;0,561861003600695;0,572133549389243
0,4461298299293951;0,453001638162399;0,388314625144155;0,759347410102649
0,4314208346957792;0,759334263144607;0,647393511744392;0,434710222794709
0,3850062799311900;0,798728617901061;0,460082309300450;0,443590849602329
