b1;b2;b3;b4;b5;b6;b7;b8;b9
1,003088973811550;-1,101540891585890;1,163997963386858;-0,037989951366869751;-6,12541856802723e-02;-0,055511109501094114;0,151007557837857298;-1,91058848778681e-01;-0,252988268695315932
0,540162409963545;-0,479243998364762;0,605955018754020;0,065753573444257016;3,74505159381584e-02;0,039916405107755598;-0,000600909351775288;-9,97581960719769e-03;0,219296714418930061
1,027148959212826;-1,169787885630008;1,279197700514254;-0,018374578274735043;2,60525603714199e-01;0,188781425763740268;-0,151797263148036987;-1,52696338051125e-01;-0,036249151070605383
0,768463746800099;-0,871856867834223;0,929052826220047;-0,025945579360149747;1,24747114856083e-02;-0,177400893759817796;-0,094479953013339807;-1,30869606648912e-02;-0,119961198635984756
0,886146029230126;-0,843237369836631;0,812833482815128;0,015272675951229633;-1,70335985837732e-01;-0,019682916077510246;0,049706200636532853;1,07691674962723e-01;0,047472937404386711
0,863004671485790;-0,805180722997673;1,155884633286904;-0,028713478692392266;1,61824266226076e-02;0,198147823801590128;0,096813579413189896;-6,88297265881829e-02;-0,077878785630431990
0,888858744326021;-0,859648009235237;1,115911373255880;0,032448468154413983;-9,20777928238571e-02;0,032121149030569916;-0,243688490328968360;5,64542973947450e-02;0,105985735941819786
0,668319707398671;-0,758819004349560;0,843340517848183;0,104749831874238725;8,01898456795195e-02;0,045010839001919170;-0,026645144619894139;-4,04954700724593e-02;-0,055319125246392632
0,946335511044986;-1,040952737964463;0,885252858675580;0,012913321056720854;3,12214115677692e-03;-0,145188455826742668;0,140079894975948027;2,02063915455658e-01;-0,057861612727064811
0,810985064543229;-0,758513987560956;1,142532009405488;-0,052639001344384671;-8,13724555410559e-02;0,082824708481273615;0,093896923012438460;-6,18712961113357e-02;0,059013545100691824
0,975949408569311;-0,839314512769655;0,940851807816481;-0,311241817706211510;-5,28625973016565e-02;0,076990290305096853;0,002658556519599666;-1,46022171576905e-01;-0,054941925155899560
0,813553948599202;-0,966234704225116;0,825926370159180;-0,166944521613050317;-7,74134948496848e-02;-0,032839887734411259;0,052347026550210667;-9,31943061325657e-03;-0,092918386905373976
0,807577511442470;-0,865252206909032;1,100333290575700;-0,133827029043778550;-7,41324481172430e-02;-0,028609350624301842;-0,198014947603490477;-3,63714213170237e-01;-0,061284318490358362
0,526581458570669;-0,592657020928767;0,680023609572296;0,000207165532695995;6,92323560408801e-02;-0,223424370014561502;-0,064662702172022482;3,94009897915345e-02;0,018460917898809086
0,519686137170133;-0,652838587126984;0,649933206654386;-0,128588440995939579;5,15149408724010e-02;-0,232463958061976533;0,039640083448506849;-2,09835786070515e-02;-0,068052304345043182
0,803778127488674;-0,604643263585980;0,647445565165876;0,129950657406158659;5,20612580058846e-02;-0,031559911128393521;0,115593952445227716;2,55781335637644e-02;0,050708145721534148
0,874851323075842;-0,967646505513815;0,827130065105369;0,281646382108786897;1,10664176784308e-03;-0,029779589803069814;0,154003615130022115;-1,34073276155457e-01;0,079095976235502297
1,243251157878101;-1,150508359625472;1,345079729975634;0,086122688796398908;-2,60069115181256e-01;0,024647336838149750;-0,102716959280052145;-3,14687502233334e-01;0,141834384642818639
1,045972375478192;-1,076112668505621;1,004475721693358;-0,006454887132590059;1,64158645220726e-01;0,206953054494618344;0,014842447882908661;8,74420801730031e-02;0,284578554210788592
0,664596418827750;-0,903688404427478;0,640816008605473;0,165331091398998098;1,96098579083490e-01;0,283062911741221390;-0,173934287125420084;-1,25673907849548e-01;0,060585785963040401
0,815248612636794;-0,924940484238216;1,046269603345686;-0,053665290154832450;-2,74496671112782e-03;-0,091173495509290131;0,001315303865348445;1,57657293661150e-01;-0,095715930880659550
0,840885718196666;-1,106696169356760;1,072170882072071;0,022935301798441988;-1,70311231674202e-01;0,015697770005592127;0,233380129314455759;1,34399427458251e-01;0,323403139175355181
0,952136105928993;-0,951625319625790;1,096201429005642;-0,220137868469352765;-1,38983800588666e-02;-0,121893717146823510;0,124277107289399863;-6,87136274086001e-02;-0,282567880179568687
0,703135756518311;-0,772616500828089;0,736669586713627;0,067418401755391419;-3,45474693375757e-02;0,114973213358069482;0,054348249214306706;6,05202056612144e-02;0,019193871816689495
0,885927199300785;-0,917725335571452;0,781495110717737;-0,176576876181916476;-7,75430345943152e-02;-0,240158810566534986;-0,003015266247237521;-2,37512355858922e-01;-0,016050807316754574
0,728765402628609;-0,958709462656316;0,663073692495599;-0,021558862071454080;-1,89266308606438e-02;0,026917129421173223;0,460577672585537834;6,58731034083442e-02;-0,030052047155378327
0,745511227681896;-0,564068280139821;0,919258782324348;-0,012291051252576454;9,25792903288264e-02;-0,020812298668389229;0,096544045483158134;8,55645646862444e-02;0,040129811938551377
0,820920094258057;-0,559525560642819;0,857156723687238;0,126553544831714188;-7,15661375242721e-02;-0,027542325264017269;-0,164874508325739882;1,29253248531854e-01;0,110060277595328410
0,659725866650104;-0,606482121265268;0,714480636817843;-0,109451081720297522;1,05342533116793e-01;0,089917145096830173;-0,003709590368715213;8,45742320508458e-02;-0,012355918842472485
0,782674823943184;-0,733781143111467;1,047485963570031;0,044780358136630172;-1,42833540371443e-01;-0,325360005155184873;-0,097547096377502793;-1,24922739135473e-01;0,038739106989023359
0,829712660031129;-0,835398195330910;1,109911094663786;-0,051815067076701943;1,15476938978737e-01;-0,072485281070216179;-0,183109427131996627;-6,32628095150334e-02;0,001605004133497393
0,924384341633954;-1,209183916183167;1,004375226398029;0,216118182177505780;4,40623771697761e-02;-0,077208939114949540;-0,181349711916566680;-2,23531323280819e-01;-0,302324784767403820
0,831440215979929;-0,674969009632045;1,171671102265418;-0,232078780978160343;1,38559623261627e-01;-0,011187104988430346;0,131814430867297105;9,35822002817509e-02;-0,138802663310031882
0,724678788756894;-1,125102431366734;0,992687518974812;0,176385820292038753;6,16889101332406e-02;0,120407542262503053;-0,095614902446231609;-4,73446432807315e-02;-0,068390838770538767
0,696277169768320;-0,960467962414159;0,905234214330539;-0,158423928477920722;1,38524521715797e-01;0,118029269098330114;0,063066124995334510;-5,01431490303037e-02;-0,119991769726092393
1,095671700561725;-1,191069317800234;0,796223806100587;0,082201034076889085;-8,12670362521805e-02;-0,139621040842170918;0,194370673484448642;-2,29590981240983e-01;-0,009812954875897591
0,751785566409366;-0,925964545518610;0,881083533453517;-0,045512055335164378;7,69677606202032e-02;-0,067967749812104378;-0,101048498046719698;2,38007290913304e-01;-0,107928831964708760
0,636630715867175;-0,637870164851100;0,627881997170458;-0,074535087793170599;1,27756389535592e-01;-0,003564118164853129;-0,105335420894190443;-1,10576574014072e-01;-0,033205054340569508
0,640191582403081;-1,128519642323948;0,795532029835472;0,137983965927407387;2,09976573254189e-01;0,216940083234577669;-0,209685507128478998;-1,16240550461937e-01;-0,162450177997469053
0,741088793300844;-0,858652605410770;0,804045385518785;0,009901334246475765;8,28999640891506e-04;0,004193652485577381;-0,079822672574229467;-1,38937415093439e-01;-0,092111073841484287
0,771906921200706;-0,938778557517816;1,152733190668219;-0,075862584933372709;8,56971887789647e-02;0,065896153442212724;0,138551766311388019;-7,25325340548360e-02;-0,087664925097354268
0,888543535745377;-1,027471360387755;0,625313605198100;-0,009135957559467093;-5,82206901310852e-02;-0,257339335605000774;-0,124480531479088788;-4,60336801802029e-02;-0,080211995881550729
0,711202087291448;-0,588303145709672;0,828236699443351;-0,042916995581478198;-5,75517361159070e-02;0,185364098202832228;0,017153497186519203;1,30863201426322e-02;-0,029953205059697792
0,696200570123917;-0,675449295553692;0,765938546028160;-0,144939679959705692;-1,89361139634745e-02;-0,115017036120851235;-0,161711395212158326;-1,59837903625470e-01;-0,167530411516407463
0,760142112797533;-0,824335230145468;1,177588015047178;0,017270746174307613;-1,70021746568680e-01;0,085309019367651701;0,115741990143603299;2,11940528927159e-01;-0,020127678519147141
0,807394869206750;-0,838011055204193;0,732302716573394;0,053225992672326028;-1,42880563323568e-02;-0,055341556620204332;-0,080097702652458719;-1,41514017362352e-01;-0,345721265987426807
0,733843822663538;-0,971371854922121;1,005615860918121;0,185582307573288474;8,84136991440340e-02;0,037918346843223122;0,168328558329097711;1,00523267928322e-01;0,015852536083951600
0,654157780151334;-0,907913855216609;0,862643640184037;0,186675024537979045;1,65553079428938e-01;0,192905500090052806;-0,149752161623052660;1,80810370525932e-01;-0,040028919331500566
0,798302265372197;-0,789822128776662;0,865130394030830;-0,021350189457410809;-1,66223189120308e-01;-0,027343262227310011;0,035837915041940976;-1,61500260656626e-04;0,070389411395599538
0,598319068080296;-0,880431146513741;0,964064779765180;-0,042380143323002328;6,78741780465932e-02;0,017722835474886397;-0,191901724339899465;-1,43428052977660e-02;0,063575025579577116
0,925082239817271;-0,698279317437642;1,016758841249348;-0,179716222648248353;-2,08275553089323e-01;-0,123206387333684469;-0,079489863407635822;-1,09005127471907e-01;0,048768343007352263
0,833999335116436;-0,843273354351952;0,764675361865683;-0,069594825496346061;2,94588403702823e-02;0,154610718732166891;0,212029610107953626;8,70703438696616e-02;0,196030626349942116
1,165609337673263;-1,129524767098385;0,918077641654363;0,181604878487474170;2,04018458510366e-01;0,067388703175960823;0,077403077942537063;7,16265318475785e-02;0,062244641496547230
0,503726353181805;-1,095463478540762;1,064281222414004;-0,038869410869137526;-3,36686174205384e-02;0,000589956546470097;-0,232617742177216341;1,35820056160396e-03;-0,006939098419608575
0,503043972470129;-0,702700754034442;0,719159906335198;-0,000304992431776917;-7,54049762787139e-02;-0,031525653341350150;0,017926035732005550;-7,33369957178537e-02;-0,035428309497449816
0,632587059893595;-0,869309839837274;0,894890414179862;-0,150952571653772877;-1,21597023181470e-01;0,074626840329050856;-0,069434253303410923;-7,12780130400655e-02;-0,164882726663551554
1,001746240994588;-1,161354866361472;0,886169911470500;0,046290739761200024;-5,27267305791157e-02;0,230490229662796309;-0,409026461388120544;-2,54529360416589e-02;-0,124584979730054751
0,839275577625602;-0,839782854981012;1,241371324601602;0,163659316432954671;-3,24256459134362e-01;-0,050350524195348141;0,035908006909164021;-1,68780666714851e-03;0,149801600626371240
0,754085048238891;-0,891034239342094;0,785725979891436;-0,091730632806817022;-2,76418655032729e-01;-0,079075551629315149;-0,126310828161299987;-1,11615897734104e-01;0,304747641450947737
0,622652732231426;-0,638474946125946;0,669762907959067;-0,128461541901188192;1,36969782938341e-03;-0,213945972694791542;0,143819159606418251;-1,07706467629800e-01;-0,161100170266057663
0,348254404711624;-0,555294847035415;0,928984055107194;-0,099660995297872659;-7,49223073569083e-02;-0,147881666919194660;0,114042483970495365;-7,62414570326079e-02;0,092847273619493617
0,680129087700505;-0,665383734416592;0,683660473755900;0,152127191829247582;-9,07444162318792e-02;0,340876764228165097;0,046811526508261363;-1,66082872312453e-01;0,100590841961582925
0,649919935587584;-0,743436941519955;1,009017541526066;-0,047500248089259560;1,21020348205153e-01;-0,207173245882603052;-0,042626989875319751;1,15246513554752e-01;-0,149322691303624522
0,662923058264120;-0,620119713704575;0,921306595055083;0,014098256781128507;2,82955808954622e-01;-0,211914493269324544;-0,143258244369596111;1,02757314964476e-01;-0,068962610785223380
0,529875448242620;-0,808049842345159;0,756855449988880;0,164123801952437837;7,22110940384978e-02;0,368066427215388681;0,040886015017991321;1,07637137706882e-02;0,269067679893579936
0,577269741070854;-0,497053179844691;0,763340529959129;0,062963323736902096;4,24415788814931e-02;-0,213608530467586433;0,068423283316097205;1,36356761508858e-01;0,010857934028154964
0,683504281208369;-0,830636615176979;0,849586293825213;-0,229903883240187956;1,46067910595565e-01;-0,272917169063160714;-0,069422566786400131;-1,42262957469386e-02;-0,019376108780848063
0,735714116918290;-0,472998353123574;0,819928860228613;-0,120240743179284917;-1,69818491530566e-01;0,101672294779482073;-0,100973587259819850;3,16944206190232e-01;-0,128216888556561215
0,819060589188708;-0,889247930935113;0,999110614301457;0,151716073151872910;-5,37516930623635e-02;0,199154088520015926;-0,099246656109605133;-5,90210750907542e-02;-0,235643370060753893
0,927171121442062;-1,196751926807358;0,920060781256969;0,004124085188991767;2,24866816551930e-02;0,043911206439356781;0,137453975375921661;-9,94392009462116e-02;-0,145846540318610940
0,832232292470505;-0,910018089137264;0,819154628745948;0,224840118300896813;1,78361234157419e-02;-0,039289762882791721;0,033016691380499716;9,19015305436287e-02;0,187767943654470276
0,967149274222166;-1,338802905625299;1,130374015018060;-0,017610133091093421;-1,17726951427110e-01;0,102981421168770362;0,042799290681844342;-2,49094993976385e-01;-0,081067562156479936
0,838713318779256;-1,044558905982802;0,760188522587389;0,140712183640820776;3,61852606017562e-02;0,061303346962293316;0,204775737041099026;2,50794253662763e-02;-0,091588438164120822
0,520469871229031;-0,852462975864348;0,646745250826916;-0,126014164099609333;-5,81467327021670e-02;0,050744002489859150;0,098092520862706298;1,38758581866901e-01;-0,268926019128720051
0,799807218506141;-0,994886588223463;1,032172046463071;0,022668031632498236;-2,60272508568793e-01;0,120247965699375597;0,147884733436982718;1,13078769225541e-01;0,026013945876990560
0,786045541107564;-0,953451689078922;0,985090268104387;-0,161996663140131780;5,17251451496986e-02;-0,000943567766110784;0,020027073884057573;-8,72904411252328e-02;-0,002905613530527165
0,759691113924493;-1,226400015607596;0,764334115555269;-0,315871064352865938;2,55664659840233e-01;-0,026850065341533023;-0,017669778935265921;-1,76330561976336e-06;0,132283002725185145
0,581622547653839;-0,514788209479601;0,723834448670161;-0,091502528249932519;3,47802342681467e-02;0,232424827940615225;0,075747459167977135;-1,95134596513772e-01;0,244579752906061321
0,862519580867912;-0,764995414536521;1,122576776936485;-0,183937976605321463;-1,16816869537816e-01;0,175843687052363751;0,124044992546736912;9,07670839475750e-02;-0,308579256720321327
0,752344695974730;-0,918238372328166;0,855694329380965;0,191696970894116941;2,36910651178887e-01;-0,006405626050642571;-0,011285378231787727;-1,51496622922637e-01;0,007970298426344839
0,593588219089838;-0,994234941577199;0,789496079178281;0,081112148735558803;2,85736704188661e-02;0,062816596568000885;0,316168885632002961;1,00448589648021e-01;0,083179544632587310
0,895495469192676;-0,867404534326153;0,866691905105172;0,118547783292716327;1,38407422170510e-02;0,199072001622579403;-0,044309859125959812;-5,49473395606716e-02;-0,032363678777540969
0,532985437000280;-0,758965151700273;0,590544331273232;0,119436472078749786;-1,42672535211446e-01;-0,046848559471153906;0,031780281394218901;-1,41686255535025e-01;0,013151229032132079
0,641170964393225;-0,942429809369233;0,901568192148897;-0,285176959236924488;1,00193842455488e-01;-0,080919783304403720;-0,142034289875351383;4,91019996305776e-02;0,048370068286080432
0,690815647233152;-0,836283334474816;1,040744020333640;-0,137587124882080664;2,55145600659166e-02;0,006407624842261466;-0,021922884635057583;-2,36514755212265e-01;0,177982694580509720
1,173460586942170;-1,239033245596929;1,337758421427848;0,265790677165128164;-9,12786938075183e-02;-0,074750656403368143;0,213543509705976214;-7,64701881123638e-02;-0,069365775158335877
0,842953678746256;-0,785884931334951;0,852546263379271;0,111516149330257469;-2,13790615120297e-01;0,088947148244162152;-0,037969617540549262;-5,00736558806179e-02;0,069058937004901885
0,871180412249011;-1,297522290459892;1,086105126226296;0,028885616469518982;6,54301470353886e-02;-0,261018843627115027;-0,133561765355502543;4,59648117119216e-02;-0,012674294656206335
0,679716011794922;-1,053517551455863;1,116818565006630;-0,145745471648083491;5,76252357610550e-03;0,086747565065991059;-0,014215702451604624;2,24403713701102e-01;0,165548006147818005
0,546150675770177;-0,918041289892965;0,774751245472867;-0,167158866777364190;1,61836910695185e-02;-0,107846279735271278;-0,181747153544035811;5,11651530205740e-02;0,078687749816891903
0,664489789442017;-0,733008924686296;0,794067127466052;-0,208911336303853445;2,24517539568497e-02;0,044995628562279989;-0,203370442638323129;6,80492235288310e-02;-0,010332796120477085
0,964703214279599;-0,941029327296774;1,009782325768141;-0,360067820139615191;-2,11745736591416e-02;-0,062155223764762832;0,050879933691296876;1,85081832729883e-01;-0,080198171254082878
0,662784396117324;-0,840992641618342;0,724087382771871;0,052854873103040448;1,49326260956013e-02;-0,000354154973258548;-0,219936925358184293;2,61095282001202e-01;0,015883050545557685
0,770112870187779;-1,326010696701897;0,940505109800588;-0,157832348964084407;-4,22095650750135e-01;0,018798193884598680;0,049188766812266194;1,39149534761386e-01;-0,090413625008267468
0,723760200189501;-0,742731606567211;0,832081279160796;0,031832164818213264;6,97451662712991e-02;-0,006842192916987825;0,067717776296686169;1,15830996514081e-01;-0,044971442491204688
0,784610524840204;-0,902090451353437;0,843928150609598;0,081774556719953304;1,39196395283575e-01;-0,324183664464449295;-0,019589645560602879;1,02621290616815e-01;0,064403916163634306
0,698213872278806;-1,098119781498454;0,844141238447956;-0,165637852803453528;-4,91073973804902e-02;-0,094988686311350726;0,078219540798847839;4,88409635446073e-02;-0,220179324229582307
0,849771023355439;-1,199563234206675;1,006017594154803;-0,001203256235367431;6,20343587395193e-02;0,105817512272238734;0,030182729178930175;-4,97856470300369e-02;0,129790639519915652
0,946872058378924;-0,744564732598980;1,004886614143576;-0,159607448603253627;9,41659610024916e-02;-0,031381469374796349;0,002766931698810646;1,36651967863637e-01;-0,052430639765557778
0,733203832089085;-0,895925441854177;0,994458315447010;-0,033233931579267580;-1,24272245385046e-01;0,028649717192272738;0,101017079167307067;-8,38190338213355e-02;-0,182592495031264762
0,806579033950081;-0,719000988475565;0,895071985908401;0,043001346919332988;7,23596603952995e-03;-0,004077430820329107;-0,111367151015452012;1,27597831219279e-01;0,145753046312855628
0,502906874686950;-0,643585885621626;0,690571483526230;-0,154379346228371683;8,88696160438260e-02;0,173186136838101690;0,078601217136611223;3,35525964519210e-03;0,070415828923749327
0,782851749141456;-0,795462064542234;0,803266357948605;0,026764515268885115;-8,79288926787217e-02;0,197152494204369172;0,028546722567683428;-4,39151047338547e-02;-0,040851702754163027
0,775675786893602;-1,013450420150354;0,904619893978036;0,067778857908246296;-5,23843884749254e-04;0,023750439904710194;0,154515267647438337;-1,93827157277349e-01;0,033297492351450034
0,667369964772015;-0,900262700711787;1,162434382898187;-0,207546861856720971;-2,06552834427044e-01;-0,142757667322062048;0,076406008409392823;3,13619839415473e-02;0,135285962055626707
0,857353661735181;-0,861729355728540;0,704134598082867;-0,154024003012020044;3,94602909025736e-02;0,427073116202601577;-0,081100282017283157;-1,61987561759245e-01;0,017709429096633006
0,702630823818986;-0,611304413520872;0,803408933644134;0,189653250440565330;-1,27311266596025e-02;0,016409708576259351;0,064130030593035264;2,17130723871855e-02;0,139422521240296721
0,779130762726547;-0,576635234465997;0,903816552556610;-0,051877055034249019;-1,16974146968362e-01;0,088793291319495440;0,144751948468252484;2,10621057297468e-02;0,008483286354323983
0,978949580673223;-1,016248527341491;0,980164706951199;-0,026378028218523548;3,79068584173455e-02;-0,129491916354009806;0,093525766181769138;2,40439651712475e-01;-0,027180235858539185
0,756303996117364;-0,931429624001881;1,119499371323448;0,086354903163133406;-8,58744158251961e-02;-0,063139530211261577;0,196556433175261974;-2,29529831636521e-02;-0,112066651054689839
0,489188158795033;-0,861898667066399;1,007605103676273;-0,150235561296536424;-5,96323946499718e-02;0,022441785872131206;-0,028782274338117812;-2,12600042639734e-01;0,271001603330586538
0,513447833741359;-0,862142082616084;0,784825860110516;-0,138232648578209577;-3,47587084204082e-02;-0,387673486997388350;-0,042111894161593340;3,08194840938312e-01;-0,060113025739183625
0,790329629624907;-0,645325582357457;1,063793551132469;0,225670009830022111;7,92839253464777e-02;-0,189424756607374872;0,023963475864916428;-1,24859305440655e-02;-0,047785338058886719
0,733866632699072;-0,781755027708693;0,701607696581703;-0,019450425612131683;-2,33039513155266e-02;0,076382168791106708;-0,010564044933008099;6,22931891887686e-02;-0,043077701660849545
0,727291106630590;-0,959515326990297;0,787823695329277;0,096476072925537337;9,14627149797529e-02;0,054859899886769405;-0,015210347981503957;4,19949893341488e-02;0,007037951750000390
0,765075040272799;-0,939652256914028;0,853203615404394;0,089442980972427227;1,66381435778163e-02;0,020536535777750668;0,041438966439440887;-1,33483452174960e-01;-0,169316025230312583
0,925563017538003;-0,833232377412807;0,955010698285818;-0,063861751681669396;2,04065855939107e-01;-0,166415569359645410;0,055566443127651605;-1,10741484376042e-01;0,140882883927937796
0,955255597067763;-1,139306774498918;1,170649284195627;0,113548308085383576;-1,82170604363312e-01;0,257812572156604858;-0,321944274864836011;2,40652922276396e-01;-0,069535349693458412
0,587484443273532;-0,685194719395551;0,572801399015755;0,056881521248307913;8,73942056328428e-02;0,087903803867399169;-0,144816974630250922;-5,18932372857264e-03;-0,124220290121272295
0,653305934304561;-0,729190686054359;0,843274497376146;0,177722728706899619;-1,03804056760706e-01;-0,060924348459178525;0,126370009731643668;-3,84950666169443e-02;0,149229613664528193
0,921589268788126;-1,202377460814463;0,625497159117942;-0,067021462791681599;4,66166509612842e-02;0,011315455506968728;-0,292088386238483599;-1,01730574984701e-01;0,196356263288235605
0,679493880469267;-0,650175077721219;0,929693062275807;0,021873327425964227;-4,47068966874987e-02;-0,192785930607504902;-0,042614906328450726;1,09684155993005e-01;-0,206054807875211049
0,759046047604741;-0,796493410446135;0,807794628106255;-0,301796859957769559;5,26326514866172e-02;0,207578953219357210;-0,120772154101719084;-7,15129021496051e-03;0,045961813361094200
0,939516359639496;-1,109369533664289;0,970743953449176;-0,390184585883222412;-4,89446048204129e-02;-0,289642219626501274;0,156378921452476949;-1,74016979987925e-02;-0,049239606092439117
0,777328640983306;-1,018755392583941;0,807730436485895;-0,061943054144065202;-2,70693927023665e-01;0,200273845511007048;0,135497268961929346;-1,78893872085132e-01;-0,227932128046891003
0,755587599135795;-0,972760409059099;0,880914337575278;0,022225557981807201;-1,00253289703296e-01;0,002648637062442034;0,205727165627896169;1,16313082661576e-02;-0,009356954723998506
1,087615224168700;-1,108458712764346;1,153393229622525;-0,334289122820759010;-2,41621090151188e-01;-0,010679685315506372;0,014829913106314787;2,30426116117900e-03;0,058980637994555309
1,084298913914365;-0,843193527821822;1,079656369603055;-0,172697486136197953;-1,85279846396431e-01;0,042149829122854254;-0,062802030833237418;-2,12017194296234e-01;0,252684864625830785
0,873126004843600;-0,900363376035915;1,219597274960304;0,039184936221183436;1,66473370318940e-01;-0,227224764921954314;0,041056040296749266;3,34774925735470e-01;-0,132347114342765027
0,761624048771848;-0,845237472940070;0,985435250942988;-0,053235615212261639;1,26081965232858e-01;0,070037993659363182;-0,072487703806758161;-2,75382095231793e-01;-0,081748380603963500
0,671022625280650;-0,954595426408676;0,762656499705533;-0,023479839452336213;1,80416966351665e-01;-0,039410089666967865;-0,004502258002635074;1,47191465431365e-01;0,182822385929515607
0,777814935569572;-0,957424402097273;1,001529271632795;0,289797176166795400;-1,53386796336829e-01;-0,029478589413181103;0,117805682626254585;-2,33114275237360e-01;0,013583653081094283
0,890659362889325;-0,932132754770253;0,943650231713043;-0,084835576451593911;-9,01656901462159e-02;-0,070351358120220267;-0,053089370646874329;-2,34015774750520e-03;-0,328955093793192155
0,779160590441544;-0,776580946437723;0,585920549492997;-0,023380930768821657;4,50494472119147e-02;-0,109315105977178806;-0,006653421665722187;-3,29460224470357e-02;0,160895985057633251
0,610121863569954;-0,778217928785844;1,160864392151161;-0,030198214282515273;4,02836694108753e-03;-0,029659610864390871;0,039279769229380791;-1,44665379763456e-01;-0,087009203352874792
0,735650181459106;-1,128160797599197;0,916230274149346;-0,294635516803197883;8,51228695131511e-02;0,046148852755692922;-0,008465619376506828;6,36921166395868e-02;-0,007370703360036448
0,941934445331849;-0,935479206287723;1,042130702804136;0,059070946689256131;-5,78200921640252e-02;0,007723681792277923;0,165206441454690295;4,83137460495622e-01;-0,039915395341378661
0,951847057044517;-0,745372918986552;0,818175869795682;0,110956095503989521;-1,06935338299673e-02;0,137775350050723805;-0,008076738503606408;1,07140581615438e-01;0,000856271314565403
0,711952474890306;-1,094219058567697;0,871620561683666;0,285787518061583479;2,91333446362231e-02;-0,187819978055243919;0,138536757377454245;-4,31239426209309e-02;0,237145781425412788
0,340714385309200;-0,692448870725747;0,550428635309296;0,039090411957155027;2,14315013690427e-03;-0,051581212058670563;0,008560620518379410;-5,44570105636806e-02;-0,146856742915498689
0,682529712209408;-0,569505445876365;0,821312030744508;0,106393134690124472;-8,57563804178821e-02;0,092650500764366137;0,015451406846317789;-1,68347759018474e-02;0,081820853546459835
0,657526636828354;-1,176403341634417;1,422420054888946;0,064407716018124506;1,80198883346323e-01;-0,045787377766621631;-0,194742642433461788;1,05780522580962e-01;-0,017758538549245868
0,870793188725007;-0,916258485983160;0,929384081795570;0,071557855774317183;6,40665868620970e-02;0,056839433309156098;-0,055123608772393459;-1,30326676644644e-01;-0,115058249440030833
0,424764564880338;-0,711606867410787;0,346907681454522;0,097088957577194421;-1,03149492430142e-01;-0,055949487529259677;0,063706167745860048;1,08107519138921e-01;-0,008307216022656638
0,970059483924226;-1,343587648218442;1,000763469480820;-0,048490745204741323;1,21396837929156e-01;0,038362907255879021;0,365970138565202774;-1,33395525695372e-01;-0,139548679227256611
0,629491667433838;-0,765467716876247;0,728160250470533;0,014260571647460370;-1,62261567986992e-01;-0,066004295450418957;-0,154100188005579369;-2,38341940925321e-02;-0,024998239618757252
0,671569854747326;-0,689087769265216;1,041163992663330;-0,070747932709980518;-3,19850346110477e-01;0,089123155827887282;-0,031433866272838770;-2,21348399917704e-01;0,333502089768418331
0,939449868963736;-0,864057958142921;1,314619445931471;0,015559980114553741;-2,16843428334978e-02;-0,052458227430861593;0,068761582009345928;-1,18072359085448e-01;0,284653462486364806
0,658471501371523;-0,756762547893016;0,628585065862172;0,082037638998565740;5,36780109984683e-02;0,035042069295818025;0,000167139419889399;-1,36795864988920e-01;-0,077026613945467198
1,055925597916975;-0,891412335734073;0,764233807955647;0,102533992664230009;-3,35736638441515e-01;0,032393304253932449;-0,162684147593738310;3,32541846767116e-03;-0,152487509980267888
0,545774032462881;-1,062764518944714;0,987326134990696;-0,240146276184958013;-2,09726846388776e-01;-0,202887747281915165;-0,178050148356607874;-1,18179414896138e-01;0,116667150200459938
0,479486634991849;-0,882812098207602;0,806646105465120;-0,047518998841739983;1,97113188484355e-01;0,116347474553441022;0,014686579309357567;1,94946332472638e-02;-0,087678471662481161
0,646281523590332;-0,793515004556853;0,831438384235630;-0,134187583911646285;-2,67119900976259e-01;0,072161250693662179;0,046259020748996030;1,59486046884730e-01;0,015909494861539513
0,800233908166618;-0,697326768538036;0,960603606038300;-0,058261789669435578;8,89744642360300e-02;-0,021572185615419830;0,030598492096096823;-3,39451782243351e-02;-0,177509639766908978
0,856198823393573;-0,813353334763524;0,898306757872004;0,255734731655078318;-2,98916060532036e-01;0,066748414310619661;-0,108892551394576917;1,44182045835447e-01;-0,077941774695112334
0,585217964368724;-0,663246218536788;1,024041815964280;0,199564026861250271;1,57665338519736e-01;-0,082921113644125480;0,122221238224585305;4,68044542397500e-02;0,020759648294658227
0,775742969434979;-0,775881547442552;0,869759583412921;0,162954955588948819;-8,67615475681696e-02;-0,084809158182060154;-0,025091642931141984;3,16043248665831e-01;0,319368957410947729
0,936520992249526;-0,765163545107457;0,839360401543239;0,055264792068724790;-6,82050868473238e-02;-0,115616183572995621;-0,084300342470831055;7,48941339924576e-02;0,031070981279760858
0,815201025251796;-1,045631028904165;1,110834702546788;0,213778305462200419;9,38942091415175e-02;0,063156123381823179;-0,111009892880522890;3,09951713685624e-01;0,249493941407051389
0,806302630612356;-0,661537289694787;1,100698520083834;0,071240637296810308;2,35563121778208e-03;-0,154538042021028055;-0,305320601272075720;-1,08227137009888e-01;-0,106805276574325522
0,781213415875628;-1,040116593275363;0,786662411380337;-0,029524946695159433;3,39234573800944e-02;-0,133552463435432200;0,114731084155224289;1,13860511357393e-02;-0,196939722715006815
1,278620092889746;-0,783394382567013;1,225597881112822;-0,009906197368955835;1,40908150618133e-01;0,088855194398400894;-0,154824813324117183;-4,79002972525249e-02;0,023346988403676164
0,887400465096508;-0,784589927539013;1,184320264964182;0,043142440706235657;4,25339734469170e-02;0,102377082828072175;0,058406725210591225;-1,43791054566110e-03;0,209689856897223276
0,799769387781684;-0,975205769017618;0,889089803943951;0,014182070005280531;2,19752956330375e-01;-0,246384541395874290;-0,115576455749729121;-9,66994416027360e-02;-0,082300630371211575
0,580529524041580;-0,743885357782123;0,768432935428484;-0,182543275041591097;-1,69531751806629e-01;-0,122094709503612814;-0,034948457398851669;4,34181317113791e-02;-0,074184413255424450
0,666750748912637;-0,929824575737313;1,040929657677280;0,074955628772571087;1,00722871906370e-01;0,320641072958140094;-0,053885727903391280;-1,14746303021293e-01;-0,102918473024674162
1,011324226179465;-0,777943247942824;0,957835097062871;0,028783100677009423;7,40741105735176e-02;0,137953937039930502;0,212809586206947982;4,48489890725223e-02;-0,060676499750394131
0,876089593872994;-1,021546633485443;0,847405835054819;-0,196739234306160277;-8,91852324898452e-02;-0,083868016306829232;-0,040306898412240229;3,00879928345242e-02;-0,304301428622983094
0,541689241650276;-0,698597338851214;0,756447839617551;-0,001048662747943449;9,27672718322835e-03;-0,085058677616952863;0,204035892592635520;8,74367784038787e-02;0,120154782749950187
0,544517433785200;-1,024362760439999;0,914334130968885;0,094054890378569941;1,89494621826334e-02;0,368732032044759905;0,067077095404376674;1,73724884802318e-02;-0,012508803466024801
0,902287522063441;-0,978390551605040;1,037331005169034;0,108432303587121054;-2,55741392228408e-01;0,047743383283521061;-0,041381100986780384;-2,07949861383276e-01;0,187963059187636894
0,891736256158120;-0,697584693257740;0,931411738261791;-0,053774244846246523;-7,89789383698990e-02;0,097985351255725356;0,037901222740737692;1,54022734190677e-01;-0,173190445764653950
0,601921728437542;-0,738186127199880;0,836005887748934;-0,119436850844453601;5,09824005033084e-02;0,016504033576193122;-0,119586931833230617;-1,35083539982575e-01;-0,094112077129922103
1,038537557270043;-0,957168150281271;1,047193808504027;0,018056784217197315;-4,76401101867575e-03;0,287906329406316996;0,179155693596313587;3,81253989856367e-02;-0,162090367595266932
0,923625469572446;-0,615382209309506;1,092787433925601;0,293794584154395688;-3,26580101778515e-02;0,054391066042214151;0,176700993064911022;1,39081095876394e-01;0,054714758628859314
0,782674053538165;-0,801196289051554;0,650793423384894;0,260579699535228138;-1,38304155736810e-02;-0,319883576118584423;-0,066994982510454479;-1,37994854553661e-02;0,094010528776565877
0,738900818760012;-0,874546269098681;0,772409341135139;0,032782095814694087;1,12851568919942e-01;0,059941474246184664;-0,029152651541916826;-9,17993314549538e-02;0,159684535579868198
0,745435337924652;-0,883496178363659;0,933044174049180;0,014865494553617523;1,41933004692020e-01;-0,020007860712271293;0,016750062202203351;-9,36040746437486e-02;-0,083711446930743949
0,535735306265157;-0,827174469597927;0,919851309641179;-0,153503299832387474;-1,30567852862872e-02;0,082592079899156609;0,103699926251483707;-1,27384764911016e-01;0,153412440629537572
0,911697868592069;-0,912038131353521;0,980970455392202;0,173464522341645361;-4,85526644467378e-02;0,115980643838353534;0,175438255735470477;-2,54248903557362e-01;-0,221059323398984181
0,605108581558422;-0,753744494811647;0,578307532534956;-0,049245078812689365;4,14057525416818e-02;0,053932394845202881;-0,086348639091011217;4,69267801015736e-02;0,084493502539322696
0,879630857883096;-0,926443361071896;0,711092877967501;0,122785949013349702;-1,20237176389555e-01;0,198233216752841168;-0,161133275980472973;-1,77384301867273e-01;-0,103611277446716124
0,777257550252366;-0,844298558986886;0,751705328847744;-0,085077508097052279;-2,02483076781843e-01;-0,099421963226773505;0,105686151263088363;1,29585906614518e-01;-0,186748617608293671
0,890096549456413;-0,947883604380950;0,633934191372189;-0,273890108653710884;-5,35971537068089e-02;0,199390524023891208;-0,051942446452498778;-7,93004610315292e-03;0,108058832738932506
0,796746091277192;-0,818789169187602;1,014879909073573;0,210507894253353256;9,70523329807622e-02;-0,098695317473184899;0,229791979203189917;9,53243412801283e-02;0,111459816191517777
0,641347718652489;-0,821393085133968;0,610782229078948;-0,155594320572900707;-4,98836371706320e-02;-0,044910264955653978;-0,084852529655559991;-6,82209366498408e-02;-0,056688085601419295
0,767579637086734;-0,871771619491762;0,655488445054662;0,040734807814945290;-3,31354452021383e-01;0,318802926883099969;0,173433729374278367;-3,02300542132459e-01;0,053338082496063935
0,780313964014659;-0,932667399571069;0,896099317361193;0,005215313293589748;-2,30046526977891e-03;0,084362862196113816;-0,072095464674117690;-1,18582695088222e-01;0,018402708334109015
0,985808468473454;-0,980056277120030;0,931604490235738;-0,121172173322652676;7,47506331563332e-03;0,123020893857325508;-0,027329537891095237;1,57080111633696e-01;0,282728852684587084
0,794061881322133;-0,775833443605303;0,720746322144933;-0,119851420288100724;2,16423235222399e-01;-0,199818343071025112;-0,088681398868098643;4,56766786372453e-03;0,039261362743885815
1,152274683528513;-0,969923546460559;1,086179295995209;-0,448647720045519505;4,47245713039580e-02;0,031343663427079858;-0,010698779324266173;9,50379023210750e-02;0,245743782634899405
0,719546822853926;-0,742588848242547;0,853509643088761;0,238398664234700020;-1,77459449051553e-01;-0,002898801709394212;0,037895162069080855;-2,75989373891997e-01;-0,083813802261094625
0,656833836099201;-1,190603471958028;0,869400850510020;-0,065032110001152221;3,27207524787348e-02;0,304370255302673753;-0,150925024893385024;-5,35415884147809e-02;-0,298173047653366219
0,654978223848602;-0,947332855685921;0,750910104833666;0,070487139299725457;1,40900859225147e-01;0,202221997798867126;-0,120379568411560264;-3,45354970963587e-02;-0,062624305688994908
0,640223725417774;-0,898578533722718;0,861976346705353;-0,186907802276923746;-2,34409985820349e-02;0,032159026302382439;-0,048855820616014754;-7,22470455714260e-03;0,142997236162096225
1,120804789370541;-1,088630332570182;1,055141364561627;0,063237666328914310;-1,31174244231095e-01;-0,056353312292309360;0,143043491353789132;1,67375308864081e-01;0,080432472710092379
0,870385791381462;-0,997588373882123;0,665849382856200;-0,076133264648880900;-2,60944894381942e-02;-0,136847861886733452;-0,000444504507917085;-1,77644793241615e-01;0,013599670137556344
0,586318611404997;-0,951007478697078;0,703972202002527;-0,047553589016592623;1,03006510525301e-01;-0,069418573452582663;0,103591076908642860;-1,22663342940380e-01;0,052371403429183692
0,708754616953959;-0,788908877185512;0,621615354803694;0,012576531520910312;2,82123004112253e-02;0,161593751108838252;0,231332756794196681;1,71485101983006e-01;-0,166905991817530380
0,853512878381546;-1,260184370611473;0,821514546824949;-0,099960367749105800;1,61873988078789e-01;0,000200540980032994;-0,197554011182264289;3,83474868254131e-03;0,008304256437027176
0,680334805360670;-0,911319358531128;0,969274722191037;0,007392623743884593;1,56010948639671e-02;-0,174707312290940081;-0,005131432008443296;1,16581592377729e-01;-0,008966803694389911
0,726023136134686;-0,765525570889936;0,587984711286977;0,299158265570114490;-6,98556206589465e-02;-0,001680494669872760;0,150179245983002418;-1,16129817416508e-01;0,209890997510672889
0,605191878272042;-0,761221876400400;0,723303174194470;0,113373765914968241;4,67723943019753e-02;-0,020585783829407459;0,134971153175625525;4,35157462896906e-02;-0,067953562119091190
0,726329301735784;-0,820181938237844;0,913342112589898;-0,001124286020569949;-4,39172294616454e-02;-0,018023361569536080;0,109551809277722303;-2,97166379094162e-01;0,118447720142758617
0,621156817969924;-0,845956884021665;0,796328858929827;0,265760847065743377;1,58910753584671e-01;0,029556742444824435;0,103089935183940468;-1,73951975911110e-01;0,018300475513632810
0,837731293494052;-0,667209810059412;0,782152511080406;-0,065686109135045564;1,61897687820339e-02;-0,010180387551754605;0,056082858715997518;5,89555213999181e-02;0,037231213193631735
0,831175270539142;-0,809184370825751;0,688764371585649;-0,191810373880412915;6,31576057591405e-02;-0,015938841303549271;0,298048084539689562;1,40274500791414e-01;-0,202144016675403410
0,913135087075212;-0,740359831115699;0,947539652918744;0,089205952240838118;-2,45887442693919e-01;0,153107152871398700;-0,019325758414027276;1,53989955729818e-01;0,018575583003527515
0,568697291752873;-0,502928665085557;0,854796424525599;-0,066718928091439866;-1,69177602874081e-01;-0,031196496037965999;0,086063957717036982;9,37489206797346e-04;-0,077671128610758533
0,516074856685575;-0,575100753327768;0,856841093854206;-0,258443313852461387;-2,64092281692271e-02;-0,064908782969153769;0,130445511810458825;2,01368625417551e-04;0,039310541342040588
0,582781662921105;-0,919692348178123;0,781354157470065;0,061277661151540756;-1,22762102615996e-01;0,254484676509814045;0,244711655076271212;1,28010453185337e-01;0,284549110009465089
0,529801404121016;-0,705167485639979;0,730291663502475;0,060760190878606436;-3,33175243322464e-02;-0,102673302890273710;-0,144814575173373150;1,34601423685970e-01;0,069094650862271373
0,651210456370965;-0,664698982234303;0,875188557176752;-0,091410567665663842;-7,73592271776628e-02;-0,112032042570472015;0,136006843415792028;1,45896549226823e-01;-0,007743617117255186
0,787185649470027;-0,681640343355752;0,618016402477189;-0,046720716730450855;-1,15827131404169e-01;-0,082541596039439863;0,068919442955185997;-7,50217434090871e-02;-0,074121992684900814
0,924676522168298;-0,754568464448877;1,109986119638938;-0,176710954535544806;-7,44240405135239e-03;0,165906112840691872;-0,002558341954796510;1,02040788386706e-01;-0,123357439435930236
0,791468657607974;-0,790322043338559;0,979292436103966;0,039458548252103973;1,41660436669073e-01;-0,085707423705412872;0,191863364481755616;-3,11830691831020e-01;0,141973877971901641
0,585703876509631;-0,698570720151458;0,888092308364520;-0,136464214109243781;-1,38292855740411e-01;0,073727340271794894;-0,076383688210893239;-1,74668004586954e-02;0,037643044570394885
0,663200318902560;-1,087100753333981;0,645821883901143;0,085816815539092470;-1,57885139899811e-01;-0,084472971259307542;0,109113865600636864;3,52633494326407e-02;-0,009144677454717615
0,746688694019228;-0,788363148628587;0,991516858614695;-0,115488335682948820;-1,41712847171244e-01;0,160748156617070453;-0,043623319515669126;7,72229943006654e-02;-0,003416144796320624
0,659059545201401;-0,761686677917861;0,581077264457107;-0,021193856393008314;7,70876436256605e-02;0,092511852866200422;0,144809879403900332;-2,20524059286494e-01;0,128638465758491888
0,797552646045664;-0,903423755474976;0,748884967540878;-0,163078427839221940;4,17730764607387e-02;-0,084963822551087573;-0,199157070561068544;-2,17227252858501e-01;0,008433247691655365
0,903173014887603;-0,640817198408521;0,817103045879606;-0,085858521051296460;-3,19209527596271e-02;-0,210857062376431814;-0,205325574251208648;-9,40825043633126e-02;0,131127226108709416
0,834140630571216;-0,951846677144099;0,751349674361599;0,189786308566927964;1,07221414523687e-01;-0,070937807868385078;0,005400850578311298;-3,41676583789197e-01;0,005012970976235940
0,880731694875987;-0,996065450619966;0,681333666502316;0,201689800197352609;-4,13507981055226e-02;0,131348666241524248;-0,062181314369475701;-1,14153034257993e-01;0,279934210939759509
0,778577386207026;-0,865973212310078;1,097537497051188;0,146968683667105526;1,58254041563764e-01;0,301195359080219216;-0,153533373276656671;-1,55332165061959e-01;-0,107249040641455934
0,953696805824648;-0,902186400608051;0,729221178339582;0,093241238639065319;6,29811009480508e-02;-0,128328449227114338;0,006100516157094926;4,60009680322910e-02;-0,056897524382576094
0,782350835102857;-1,017035819817300;0,863870283106055;0,203226665565562847;-9,56636722815543e-02;-0,116451058128472479;-0,039407222560667976;7,10958234381181e-02;-0,254531502405758392
0,818412608415005;-0,884415902590452;0,916422800084646;-0,026602980183336136;-9,57470541093597e-02;0,031464609455624584;0,014436576154782978;1,55589545359408e-02;0,048731792703824835
0,586366528452675;-0,475892482877733;0,785131312817043;-0,214388214065288574;-4,43612567320779e-02;-0,032879094811468335;0,083244791915555949;-1,14884227287147e-01;-0,077262943122326802
0,610401727415301;-0,620300486780235;0,565827520976461;-0,039682892808759689;4,36923168252796e-02;0,037206964961423485;-0,248689540446058982;2,14808236624355e-02;-0,142251900161589145
0,629141906310704;-0,793699435155973;0,799882059827940;0,210520552179386561;-1,94337156084554e-02;0,216117778956523121;-0,135764772489748470;2,50493480655847e-02;0,177867342830876435
0,646188364431376;-0,791260412568810;0,806424380814227;0,024901925659347734;2,84633643555320e-03;0,121542143007514258;-0,133163741227581844;1,26783131961677e-01;0,158154259652557860
0,786704748246902;-0,854080343681323;0,728436550193984;-0,053419089716994633;1,33832528877199e-01;-0,239240238333143451;0,106853688775710595;-1,16554155628367e-01;0,079070498277754198
0,565079444278047;-0,757286985141650;0,840528971467495;0,057493873536469120;6,84666254713050e-02;-0,077674613664175038;0,198258244161111707;2,11508590653119e-01;-0,052300157879623194
0,967930483685062;-0,901821808895456;0,935477249660292;0,197742674514323424;-1,49371723803457e-01;0,126365170526018755;-0,112781326499116555;-1,78578960065581e-01;0,217100744037806798
1,137769815542142;-1,066907082449280;1,622520406135241;-0,186892245780139354;-2,98272233735415e-01;-0,325795606747616928;-0,039652331933439325;1,87702986141140e-02;0,136168360012836193
0,856345051806869;-1,225944150286420;1,125648052795680;-0,041800926660258565;-1,27121994918370e-01;0,053875366962977601;-0,072500637220039743;3,22172844116907e-02;0,155773479193743791
0,635969557407263;-1,036897893611813;0,895302079707771;-0,016553675746432666;5,02091641296531e-02;-0,165245281976332370;0,091256877710698819;1,60667941831537e-01;-0,162798503675268241
0,805976421876646;-0,860959560610025;0,636623608652279;0,000214253915973179;-1,82582841651276e-01;-0,026519694532004586;0,070345407940080332;2,60238486426938e-01;0,166506588352532514
0,689221700650758;-0,813514979301841;0,821902074308413;-0,009392996884594055;-1,90232008412224e-01;0,286154210457618241;-0,004182049136481568;7,99343811915545e-02;0,062894336263089018
1,001162337702697;-0,918506688198273;0,982871361779944;-0,106417996958252103;1,99880301357475e-01;-0,122304715462836319;0,074839325516626656;-1,10467370747375e-01;-0,016056154510993334
0,722429653245883;-0,987163014316415;1,110849749688801;0,115197131521688603;-3,36969385585780e-02;-0,172524768871010481;-0,195402686488180793;2,02187590489641e-01;-0,175055585853634010
0,733751687847924;-0,624692562511155;0,605764329738520;0,088020026354270919;-8,13474145156241e-02;-0,042304025539080789;0,093491094270589575;1,93734169787940e-01;-0,123641569811416677
0,664044489651258;-0,759467551111920;0,909464429388906;0,133529905751662153;-9,78720898731036e-02;0,074279584060228540;0,059680586245121688;1,02202217607087e-01;0,158996138769401690
0,789825372640475;-0,922790265167471;1,117409740243633;0,119144047544588225;-1,16409450334009e-01;0,098463196476288553;0,009247048092347162;6,24343177438561e-02;-0,067786415274144238
0,716802261620778;-0,946243089262718;0,861021101105339;-0,102243226356174402;2,24489090339134e-01;-0,090921815314991092;-0,053314623020314304;-9,87924017610244e-02;-0,249413091919012647
0,939719746828300;-0,836081261243642;1,213994951250457;-0,093033780231762425;-9,89300756461504e-02;-0,041889805481341080;-0,116278569879126686;-2,23447490729136e-03;0,128937919973990955
0,847925947636581;-0,817545895199322;0,814812768952553;0,160863370039867754;1,82008357413243e-02;0,156335028974695256;0,061629877265541817;9,08256728798291e-02;0,034176938861748017
0,673217296622292;-0,965031260607049;1,131418420087630;-0,217371965602930983;-5,41485196684795e-02;0,102183277894817501;0,163553771672022952;1,15071737930807e-01;-0,006483989250403769
0,654891784657945;-0,910357164902184;0,609512859321756;0,086897342083200421;4,50628617833057e-02;0,068859888423092430;0,211849480631279230;-1,00000088093939e-01;-0,039629264498047580
1,270525516875856;-1,141778323825044;1,276975195611354;-0,162411603771573210;2,03868175678127e-01;0,337901192792832039;-0,235465287182617999;5,33779098324803e-02;-0,006092453780042834
0,837244946965365;-1,205605138824317;0,780515442469581;-0,277977845430503911;-1,79856707614024e-02;0,100579435910053472;-0,348565884636175882;2,49860475732942e-01;-0,014899059019064466
0,720117055105190;-0,667189827693370;0,940993479636893;0,229156062397889215;-1,04933938071911e-01;-0,038358719755554861;0,149947143009650202;-3,81556587193143e-02;-0,094153024184361556
0,612083501615433;-0,906615778315636;0,615664299508364;0,048934862854971985;3,40048915057602e-02;-0,021576932464518146;-0,053965877528856461;1,61550718591121e-01;-0,013711745437195588
0,688000927233271;-0,866980726327021;0,872813314100881;-0,045481301914260114;2,42313741593722e-01;0,143499405458646673;-0,005463017890631849;1,91360227079232e-01;-0,060793261950247153
0,835953091035632;-1,000086100470833;1,017330706948279;0,197621629754939743;-5,41856820224307e-03;0,047178913028537453;0,055707384592368063;4,86383615443474e-02;-0,069135003269487613
0,827945184793581;-0,969718138788660;0,944915676163439;0,084634433886171506;-3,02521100680975e-01;0,026894401804869152;-0,138276744342542723;2,47267150046165e-02;0,226923866953208486
0,834076229054824;-0,731648156602919;0,798165348636486;0,132795108503419329;2,24153735246208e-02;0,089086725483430357;0,182802630747747191;1,77132976310394e-01;-0,093805609033917894
0,691245393071901;-0,690108175247885;0,878172523665150;0,274745132177204532;1,07948096275070e-01;0,130597008254653146;-0,118567224411418759;-7,71348869349838e-02;0,151287901383926338
0,681107751774993;-0,975646928801221;0,665101122393303;0,043403579422084365;-9,63084468061819e-02;-0,044471448419052935;0,040730127848429741;2,83822737359306e-01;0,085545102893866423
0,759002429102039;-0,872658291935876;0,990405883582598;-0,071078906652161045;-9,66077980504435e-02;-0,022850246272075863;0,090461689197456507;9,90560988082642e-03;-0,024546428308408218
0,968623541541015;-0,903876562061337;0,902701011834598;-0,062371593459366825;-1,02026489196816e-01;0,193447641893912364;-0,323404305002129744;3,88944458167913e-02;0,113515142294423901
0,853081911905662;-0,573932732519043;0,751233158510766;0,003420000684833256;9,27684204908470e-03;0,029620115925507107;-0,062054711761498745;-2,42755735122606e-01;-0,210983799654338666
0,756891000908184;-0,720050511504160;0,799597437298548;0,009623190289203928;-1,09315133159859e-01;-0,140302312887909120;0,154505046366237186;1,43378780441871e-01;-0,010986277782891535
0,589495858867074;-0,616105233192034;0,681535942497256;0,046254363861179808;8,27221563287751e-02;0,029900225852264758;0,060484262656504008;9,43058995187366e-02;-0,027042178619133633
0,940439186905306;-0,908466919462533;1,083234875971812;-0,080137223201610208;5,42421590136142e-03;-0,100878298892173882;-0,273118702677147995;-3,07642684925120e-01;0,179957472493422393
0,673407326634195;-0,906855689353172;0,675975522050335;-0,021286083720630088;-6,27686881844212e-02;0,049416377511218496;0,024603679054245917;8,26925308027117e-02;-0,061686674451512470
0,850203283757307;-1,141235037004525;0,784275603778496;-0,093275283558790653;-2,11392217199257e-01;0,004438252629022285;-0,267949756721826249;-2,11139473293855e-02;0,042400253637828664
0,663175489410415;-0,784535699150990;0,887553401595786;0,000359051011851182;-5,93379848092465e-02;0,157648597702441273;0,014970157346515573;-1,03518445459530e-01;0,141264222341823786
0,787825418479664;-1,052398120551029;0,902654820816536;0,060493560051538983;-1,68949083263802e-01;0,014716486327560716;-0,225349428785081463;-2,99377947781414e-01;-0,023070327390940150
0,437353584927280;-0,973398242166194;0,961630654570401;0,028445023322178593;-4,09605107161303e-02;-0,047427379602848735;0,046855208467491118;-8,16427478741788e-02;0,025969207451008301
0,806681045425403;-0,767116656002246;0,737320007331909;-0,120989306905820160;-6,36484090649223e-02;0,094409113656408958;0,120593708042120232;-1,71040756235835e-01;-0,032588890121525160
0,746900902351301;-0,901396151227423;0,795181479736592;-0,125524019609196208;2,74048924737476e-01;0,158940737451055442;0,208553473099789527;2,26102422755417e-01;-0,126071860483480597
0,817174454560023;-0,974843286173025;0,724257283879530;0,260215771138097574;2,82713831489073e-01;-0,022734746236055491;-0,035942623314692945;-6,93406161379274e-03;0,122455589470939402
1,066126319506415;-1,143509732752860;1,029219785066463;-0,096758520895406805;-8,75494634352640e-02;0,169101820097278421;0,105368885836746445;-8,87762788411180e-02;-0,247590419973136966
0,541096123469064;-0,673209275967938;0,692133816411874;0,014507292372969230;-2,02382879868738e-01;0,089722677520489846;0,040380202096494927;-1,15862761860458e-01;0,101283112429718561
0,973240907951174;-1,082024350595054;1,002875540520291;-0,109626886321316508;5,89067974126836e-05;-0,045283887344118104;0,050344969085858060;3,38035149755372e-01;0,017106719128951432
0,691122276757453;-0,762404194168703;0,710975586901010;0,077616514319153687;-5,80979627076436e-03;-0,033381900962791339;-0,094236744473629924;-2,40317642965557e-02;0,058266795416547661
0,570135056324697;-0,558145057926393;0,806190639055221;-0,098981583040553323;-1,53697049293986e-01;0,117394446994155827;-0,108836654540623579;-1,29078637769881e-01;0,121354455964134411
0,618849100343788;-1,027890922088015;0,736617141584420;-0,099507069966022543;1,02069223834781e-02;-0,163040162153359952;0,187480115691551014;1,51185840202837e-01;0,159706305692526945
0,487853938074312;-0,645895063204482;0,594794492205388;0,053448625960111455;1,00270492073378e-01;0,085170686902661524;0,020661030020691223;9,32777911182561e-02;-0,054705434001310414
1,472208421749289;-1,218753537402714;1,406015055313118;-0,112202248378068956;-4,73274729606303e-02;0,168432520866067720;0,454203641982957873;2,15021093266721e-01;-0,198372780767262918
0,792054237160742;-0,855169593965289;0,756129573217019;-0,139911892276106897;-1,64090584428815e-01;0,092589145710769177;-0,233751545174128966;-6,27563788929055e-02;0,078623861817914059
0,530814724196383;-0,851337912605775;1,056582213191033;-0,018127548539490661;3,66418992528518e-01;-0,009453158486621692;-0,150639592676387268;-1,80452504280893e-01;-0,063358129484059458
0,737120693138603;-0,652193042928009;0,580415135762326;0,025375327986676174;2,39913993582066e-02;-0,166076227556365225;-0,151162680414997780;-1,69867094119276e-01;-0,103581002774583306
0,592100622850598;-0,395684042140409;0,833857764064818;0,094092808023484326;-1,49998367759804e-01;-0,040867327047106529;0,119448628592637759;-1,66911920583855e-01;0,010584579113925947
0,932691494730014;-0,823695812562314;1,084703492974903;0,101923891325942095;1,47751365814560e-01;0,294304590365561447;-0,015043337107025932;-1,75209775908818e-01;0,229961779321302712
0,557347774363185;-0,838742652824462;0,759262848724228;0,031616808639848552;6,54410754259762e-03;-0,017607211411171799;0,068243311174035856;1,56005658096283e-01;-0,075620434718888532
0,866377098304182;-1,020335115820194;0,802668578565145;0,008503005340983543;-8,92746865468518e-02;0,219829826264783673;0,050644565461994612;-1,45288176372518e-04;0,326245431699652755
0,807567502872051;-0,697077544088676;0,938846369857711;0,129041367238141691;-1,11781595548974e-01;-0,249792283785120611;0,024374732195363496;-4,18237308026081e-03;-0,102330939565316428
0,659642775033909;-0,751268404982678;0,830885592499908;0,072068222542234175;-3,24476270808845e-02;0,052523915055711308;-0,172058145295930942;-1,96794927337443e-01;-0,043260786208559637
0,999942948354940;-1,018238409686972;1,160399995590529;-0,026770142004695869;-5,06243776480912e-02;-0,125719777955095147;0,059650649219705941;1,36189873404827e-01;0,176779469648991966
0,884985105429516;-0,800259356346837;0,905579548893209;0,064668665409675030;1,44040424160503e-01;-0,143179189406931917;0,013095731873462883;1,78041790269631e-01;-0,066475387310123341
0,860513567664970;-1,009386158091137;0,922139115735214;0,164528734970375151;1,74785824312281e-01;0,147562149636822154;0,263086955529196198;-9,04483109920383e-02;0,035924738566376443
0,646887181314241;-0,844604164714333;0,947088706136127;0,259734338522222163;-4,55004006353252e-02;-0,310477247387119681;-0,158775724742172553;2,59072455445550e-02;-0,095764337509542649
0,547953023242347;-0,801534056171940;0,847457993199696;-0,064458294507752492;-3,25974516804916e-02;0,118919231859849123;-0,228515862777208562;-8,44288412668333e-02;-0,218594109304987405
0,743907724342674;-0,954358694339891;1,216397056666182;-0,042649458948464135;-4,28729595882855e-01;-0,000339448458647884;-0,097433829453586127;2,81522246749737e-01;0,339724903984307047
0,578392347125361;-0,614617102407561;0,940784708099400;-0,012430420519523731;-1,32719777773614e-01;0,159896412738141064;-0,056496936973090509;1,16711664876382e-01;0,066277672302946067
0,755462861007056;-0,811356570873771;0,914191604544116;0,011498547139468933;-1,45775147017549e-02;-0,182919822571424751;0,109735124520722496;1,14470399975296e-01;0,092184251746087936
0,687143979176144;-0,892648908741289;0,733996247107094;0,063503159898684922;-1,23435584664464e-01;0,024886745307274489;0,175356143061806968;3,02267769379590e-02;0,159680442990272786
1,257160061613550;-1,494485459219538;0,927388482221507;0,016516201121992296;-1,95796676783820e-01;0,130582142418369795;-0,175588557884091279;-1,04242652946124e-01;-0,018914059221474270
0,761562779943246;-0,717580983893829;0,739104958776840;0,141260281575121632;7,77059368834691e-03;-0,245691093820255391;-0,105722649922704387;-1,88457971027968e-02;0,057854077800896117
0,834610255852045;-0,906029337512690;1,242242114654726;-0,027300892586992614;-1,33630949371766e-02;0,073097001989514909;-0,214544520542452211;4,60368297414268e-02;0,048953327592838485
0,532539920662642;-0,832986982347084;1,037254343585731;-0,018041248779517207;5,40490907355117e-02;-0,159491789612794033;0,023122415947008479;1,20736699113358e-01;-0,090455470998711554
0,601109876087528;-0,881362219946537;1,087385479081609;-0,063768371485535116;-2,08395818749425e-01;0,139989628398887761;0,201753051129533428;-4,32362010041979e-02;-0,044693541192596532
0,764904563585759;-0,855620281686282;0,764885323641229;-0,003334474041432385;3,60574887625839e-03;-0,024691569491938844;0,063301418350627581;2,38443019310992e-02;-0,041375250692845027
0,566277616209549;-0,681621349164507;0,714198272114956;-0,056265443202259291;-5,26622191412528e-02;0,149020329103880883;0,186556447995248870;3,80480944187663e-03;0,185297253648077836
0,632930434410185;-0,676979551585843;0,738991787904604;-0,065667230167200441;-4,55427923342110e-02;0,028622246022636407;-0,174753991068017145;-3,03220651235182e-02;-0,009426450275330301
1,002934414857013;-0,802397140010381;1,040580998900006;-0,083194519094165295;-1,42792000344632e-01;-0,195878383376235504;0,476916780115735350;1,13031836417128e-02;0,192845626291742039
0,513404019717656;-0,601183356132798;0,620201364283448;0,101320732489556933;-2,42593952892071e-05;-0,028987473644923874;0,077898595274140295;9,04649419303171e-02;0,028270044081483921
1,112062212622541;-1,005200345464525;0,720528381262530;0,006175285145782626;2,25577426629084e-02;0,128773677820691740;-0,013472819632603014;7,53601055525507e-02;-0,001653210879122308
0,583380290535322;-0,755666581810056;0,722783171170743;0,056863612594500998;7,81869509530523e-02;-0,055399323327587006;-0,038426979394367185;1,20260311629784e-01;0,046425313966777002
1,029407339503262;-0,980733782250936;0,713855500973806;-0,047261294227617774;-3,62445019232035e-02;-0,039706307033156689;0,182782512054740165;1,38383677070808e-01;0,078521395594309429
0,655237300570002;-1,118334061952144;0,801851289695041;-0,131596957241949891;-6,16571640846069e-02;0,174888114580171700;0,121842039484395856;2,07445315111789e-01;0,044779225326236891
0,701310881491060;-0,783391557092915;0,792523194002201;-0,001823549568073516;4,42189610561654e-02;0,122303363280545904;0,215001379606095527;-2,14880784889728e-01;0,142284880924873736
0,958052650841764;-1,325536744976558;1,089765549582138;0,079810375428265565;9,48580917525433e-02;-0,039242297942849697;-0,130590776871481934;-3,42314157544212e-01;0,120162331176392440
0,888542611946569;-0,705621094621437;0,952977422601672;-0,179924630548336684;-1,47165639900236e-01;0,104594263999989168;-0,063926953099891395;-3,86001127118740e-02;-0,059137898997208234
0,756549453036924;-0,973513310183308;0,641413984312066;0,012271615547977992;1,86582829603165e-02;-0,056254107352200752;-0,062458061727122025;1,76908183052028e-01;0,059197174433519011
0,785047127867200;-1,127722433435210;0,945127003769638;0,038049909003298757;-8,22546391842076e-02;-0,137090390894028302;0,047971514167471481;1,01935073261936e-02;-0,063744998275807860
0,911962045851878;-0,818623220201153;0,904261634953787;-0,148167572037015499;-3,41801060151880e-01;-0,136761282884825641;0,019010060695372921;-1,59718560118746e-01;0,166202149285098799
0,863119106101426;-0,850889800044645;0,847769945491313;0,161028355862325223;2,88268547774637e-01;0,055428507208902834;-0,246345843539966053;9,42471226848784e-02;0,119563173849834462
0,553650408440170;-0,653665397760534;0,703099313485508;-0,121849714727573888;-3,57212398918029e-02;-0,058964486381711492;-0,025021228457118523;2,07923230652108e-01;-0,046469587777225575
0,701232305714242;-0,892829894940882;0,939863269344859;0,233050391133924006;9,71126895153237e-02;-0,136512191551084738;-0,069730900307833035;-3,51213494446089e-02;-0,119174308513473479
0,596339211757742;-0,804700221954652;0,976876048252114;0,073156353506383373;-1,58393669413040e-01;0,066708173964150616;-0,128357385398172485;1,49926884654069e-01;0,101525479112998696
0,608045299770506;-0,652945338496429;0,555579870929368;-0,001003588646218501;-2,54091115080462e-01;-0,129213706445352627;-0,013782609578423761;-2,17387160922982e-02;-0,060442731047503410
0,982966287504585;-0,903161133303034;0,819867648287140;-0,368940783749653722;-6,50613735190253e-02;0,131024578190655439;0,027132851946518488;1,28080056196568e-01;0,194406655729889966
0,934557982254458;-0,726370469266726;1,009808693574456;-0,020288320630879486;1,06726637226141e-02;-0,263144745255776802;-0,085861056594873628;-9,49684376187057e-02;0,026678644713718464
0,835055848619762;-0,933168107408770;0,794021976214796;0,152237342291695388;-3,10359991284587e-01;-0,002112949443245427;-0,093312217730814759;3,35706496881497e-01;-0,004746347662754106
0,905180989354732;-0,818101512452369;1,101547528838840;0,275760096567465307;-4,11154418464401e-02;-0,201426449709066979;0,127220063737401218;1,08517151758923e-01;-0,042606905658248602
0,593319233168695;-0,955315075574331;0,839013812751195;-0,040584869053233968;-1,66176382806382e-01;-0,048197776005184816;0,124153024786484295;4,61729719925068e-02;-0,138369370062487618
1,011941637791185;-0,733801778469620;0,983376101526423;-0,210896989849418015;9,93418312239680e-04;0,057939928812689889;0,082954928904293304;-1,49704761394905e-01;0,201795398720408442
0,677772302202964;-0,713279388381839;0,881351222970859;-0,135096409531257483;-8,53568770115451e-02;-0,047247963280175123;-0,075790508029079842;-1,05669476394782e-01;-0,005555095169370724
0,832519138049915;-0,863882619887539;0,793100687357343;0,072822869582061897;-2,16505350660480e-02;-0,058881814536596445;0,082420311137419669;1,54009993942110e-01;-0,193039451615775598
1,189663898074304;-1,420465755934981;1,292735615548491;-0,059800265305917671;-5,33419000026070e-02;0,076599160655984461;-0,059553127854177150;-2,59047019264570e-01;-0,008061591321135967
0,793711542386477;-1,026401375175150;0,747169515714203;0,034229182418264996;4,99833110238956e-02;0,001172057340098542;0,227807927805021099;2,18025791582680e-01;0,088674254763945359
0,906865146440030;-0,710464235301023;0,842018129373278;0,024758866349849071;2,64911273677201e-02;-0,060627944669260650;0,035880460692862146;7,12829659166155e-02;0,127949509583627941
0,697555500353808;-0,683494771660337;0,585737115997038;0,012167316065536280;-2,00772458478003e-01;-0,123083778140841885;-0,059858478452474384;-1,43974756649989e-01;-0,015820679778465539
0,875610188653370;-1,006015594637733;0,544496955481288;-0,013793038260325701;-2,18841292830907e-01;0,163902226683149549;-0,322339407922665078;-2,04386082427050e-01;0,116845693823137323
1,105230836211598;-0,983887182555046;0,788782434267583;0,044884770538175939;-1,03354940703144e-01;-0,130361514938999307;0,119324670308461708;-1,87745985607434e-02;-0,241984299890225157
0,551019938385565;-1,017554174522068;0,716687671951300;-0,156088910306344530;-1,41716749110171e-01;0,186075975668096166;-0,025259346418369424;-2,54629227885218e-01;0,062336076381211518
1,165199218014895;-1,109674808687652;1,290774874076338;0,396687110295727785;8,46010663567338e-02;0,071901803973350206;0,451167216160899498;1,19512787577631e-01;-0,077675689167725756
0,602379570104060;-0,644022300715074;0,703544081571145;0,073718806382924024;-5,21987172659151e-02;0,075037805419110912;-0,151347396365003689;1,90213073354979e-02;-0,027256204944709948
0,690484716534933;-0,653963584040871;0,683888493240309;-0,101802399351495071;2,14275529516487e-04;0,059929173143659795;0,002703263473115980;-2,11789927973434e-01;0,097493398448035243
0,721123861447992;-0,865155764121169;0,957756912214721;-0,040431891909542939;1,00285582144661e-01;0,205974143065696058;0,064541881497709244;1,91483548916554e-01;0,175131879729611611
0,769496325286196;-1,138105164512855;1,233366407170849;0,033790871164857357;1,04683242899641e-01;-0,077572948463685246;0,170299672019612935;-2,87004557958699e-01;-0,139805801129269214
0,891944581745446;-0,536848214625153;0,820723600596163;-0,140384070091439939;-1,70957320797878e-02;0,022247801181377813;-0,142463698625075158;-8,68396051072008e-02;0,040992759787492707
0,763807540208760;-0,812364330384899;0,799622529742815;-0,129032437234853636;-6,48196719294796e-02;-0,083148335261054723;0,225698879665971935;2,26429840013301e-02;-0,068966808182434017
0,706194043684983;-0,556858673888952;0,509455150572281;-0,013322525166118303;9,31660963573239e-02;0,085832211737861444;-0,003694036863342725;-6,26919403213563e-02;0,122231017619803012
0,631698832275673;-0,676636936661641;0,720422639697458;-0,009150255447262326;-1,25454137457950e-01;0,034064899115533266;-0,018428792739325305;-1,59818919971944e-01;-0,076360421647600554
0,542345026056215;-0,487763946630243;0,523816776621160;0,019849883352627062;-2,07053972733412e-02;0,067540412664031296;0,134095241080018190;3,38248764524400e-02;0,113364628123141672
0,727733588081719;-1,137086087446758;0,942966591339542;-0,063290188051813120;2,08722774385062e-02;-0,071062193310385421;0,257583195869203807;7,12171579223214e-02;0,098515210494972638
0,642360137352792;-0,946630044030167;0,731547196114133;0,107046736306498955;-2,15268987763067e-01;-0,142770639993036352;0,021520024825280468;3,35575409770445e-01;0,083073393742554152
0,558737692751605;-0,596927662623653;0,995494609292014;0,141296737188202182;-6,56502772525171e-02;-0,104612659250644779;-0,141447074696923525;2,91986224612901e-01;0,018335811093555351
0,845467929403138;-0,647768265506567;1,277737809556324;0,140465904362838040;1,27955360921631e-01;-0,055844533750149257;0,028306898931105079;3,88511450723208e-01;0,112127894373097559
0,566936622501738;-1,008799288621334;0,916876707108145;-0,089731783578576044;1,51129464440662e-01;-0,178397145523727568;-0,026454245112617503;-1,33721719154040e-01;-0,147493101361460072
0,845726387864139;-0,950917952635867;1,154195600001716;-0,005886483023670927;-6,34132103078827e-02;0,014392415622189240;-0,271965172262953303;9,72834601639163e-02;0,054297965875226235
0,500674032814743;-0,595850600535388;0,813831700747386;-0,129370924979508223;1,43866709111968e-01;-0,089009408305997684;-0,180098196439205382;-1,74918262781414e-01;-0,089218979391644262
0,657061150957608;-1,047560910647624;0,453068792309269;0,211260101846171888;1,86872263353568e-01;-0,171559566205308794;0,046440302789171176;-9,63302763750621e-02;0,019855325103365063
0,711288599536304;-0,843771066561014;1,144743797523237;-0,007584283452223079;-2,00016506016671e-02;-0,155903239570607421;-0,145311299562980778;-1,15846185911530e-01;0,138130246025016085
0,645137769597755;-1,040823623371666;0,621936699989470;0,075422905450642341;3,72265498373310e-02;-0,042711249195782758;0,096781445364603869;1,42856042828685e-02;-0,208472302671981219
0,531665551234025;-0,702919971321143;0,837957860543666;0,114407220691012973;8,99990781455834e-02;0,139359143965090637;0,088654981130248875;7,98116467934062e-02;0,084178282005605343
0,592157871143840;-0,599584540182449;0,644346461931587;0,127066643875698770;-1,54353511173307e-02;-0,021542917268694072;0,125084107169163183;8,79005946109751e-02;-0,060447945994682936
0,633370097647133;-0,745262727826275;0,829598628647652;-0,137812242504229215;-6,75378122336728e-03;0,122637565794223080;-0,074629088482856126;1,16148211374768e-01;0,030337570661882998
0,792385599304227;-0,950743111002571;1,048163931017535;-0,013202040342160808;5,45174879137392e-02;0,024339142876864436;0,186308928965953052;-1,43965589533187e-01;0,013758799316511845
0,605060138823832;-0,919651818911508;1,097415084784094;-0,167151078767266953;2,99320890439090e-01;-0,068398600070503079;-0,229375245306364078;2,79952072467878e-01;0,131760161460641095
0,574215321213533;-0,937758756111806;0,817369999137780;-0,140161402591955059;2,58857703864575e-02;-0,275147814680685554;-0,005432095918190245;-2,51705720638551e-01;-0,070483161867302219
0,904409016102065;-0,971272559672413;1,124034222352309;0,136626839272099537;-9,02091498442610e-02;-0,060633526959536152;0,002125290838768972;-3,74687758337343e-02;0,056458920244639818
0,632536463569961;-0,872107338379200;0,842943218051161;-0,020866562563274738;1,30579047434089e-01;-0,241037418661962100;-0,201916067523348564;1,80836723847328e-01;-0,055682694477415903
0,767972819644582;-0,913012264632984;0,768748515520214;-0,090137077983296204;-1,16314996722401e-01;-0,084589052350857619;-0,058979177664296681;-8,26974335186392e-02;0,106439996510039936
0,626929714537339;-0,999432267987308;0,963173551241793;0,253727992030713001;-1,19894967355891e-02;0,169120323662382749;-0,176028467554753570;-4,07643428866957e-02;-0,259104903596169500
0,783717562993685;-1,106862303103635;1,195649250224662;-0,008934949011843454;3,17811535614313e-02;-0,030450340912789257;-0,097967696438786139;-1,58080333158301e-01;-0,191735227822276172
0,642404068177719;-0,780357850438152;1,012725986977044;-0,283426643363364428;-1,06065108638959e-02;-0,030035413336567326;-0,128887670873696542;2,62756603401636e-02;0,097718567875118553
0,796048185201058;-0,781952168435642;0,920499071530770;0,012080275206380362;-2,14408750039430e-01;0,140481749743013890;0,152562947477261263;1,35756685304219e-01;-0,119311192384931111
0,813267782462942;-0,921507729711788;0,819648166018373;0,042246350826271942;3,50641028566633e-01;0,086777946696482311;-0,016923066368757813;3,55886129223105e-02;0,030081588151318651
0,729406604968500;-1,121427766309297;0,930026785961551;0,105682718185290694;-5,99151828276515e-03;0,013272894799834999;0,158477772208875711;-4,58323191611263e-02;0,059739553399564695
0,971305366871472;-1,048948108950597;0,747480040815909;0,090838752199251485;-2,81129822470405e-01;-0,123127038833342292;0,104762708042578714;2,21340032282987e-01;-0,173769443869350171
0,706266845941843;-1,127926165891285;0,562368755233491;-0,048879801604171540;-2,08627671284698e-01;-0,296837520726125792;0,007571778846925886;-8,13878372515211e-02;-0,239338792647789622
1,072802538155722;-1,095567714031352;1,051062470988007;0,114414626824688392;8,60112958634553e-02;-0,022014207296191114;-0,040387087350233421;-1,66185619590915e-01;-0,014463519893674249
0,670956741241618;-0,587171669391150;1,080582307887772;0,177183786306370106;1,31394669756291e-01;-0,101294102457564303;0,105772067068680670;7,73878811624347e-02;0,093721287321388236
0,819443448038066;-0,979089723001121;0,942796552509182;-0,104425457209873757;1,69878538139704e-01;-0,253290679781053851;-0,114074115137254545;-2,90437179049338e-01;0,132412544956248601
0,567677203763730;-0,680972647709375;0,764295390218820;0,116281592638962344;-7,81268397247090e-02;-0,104574457809871763;0,059939737049200609;2,85546340943967e-02;0,060546235490562574
0,969289950427066;-1,176222402237165;0,780558455993523;0,071630717613572426;1,56804683140192e-02;-0,138238432013070595;-0,077092057624332008;1,08711691352435e-01;0,034863351885250651
0,867058808262758;-1,086212870819462;0,913555575173958;-0,097979282479003102;-1,60342644719847e-01;0,151022043481481794;0,321329030787478154;-8,78797170723892e-02;0,046063789873913553
0,748902110908511;-0,820434002873361;0,890635718506605;0,040793307111610222;-4,00867457642776e-02;0,159163974866283336;-0,079263115852740318;-1,37568430040307e-01;0,161169641810455150
0,788553005064834;-1,127007286603817;0,868033194449254;0,053415635231349498;1,07249036445936e-01;-0,200832169190323095;-0,166935770975039116;-1,21281080357430e-01;0,061406012592956603
0,789048475846721;-0,734654708774131;0,588648627282361;-0,045764911751188235;8,97929740936910e-02;0,027350239075131566;-0,002616102881314783;-1,60828679749814e-01;0,175400265052747723
1,053282666339936;-1,071508090189163;1,314396478603125;0,004257029561979846;-1,85681120015313e-02;-0,177983193236366355;-0,030249684862993651;-7,58697889779397e-02;-0,115563012291363537
0,842101232297005;-0,852967917313382;0,828222316078301;0,141646043083526574;-1,40386585698436e-01;-0,047915534879065108;0,071024126069501828;-2,01125026125157e-01;0,131961866406900774
0,756814001530321;-0,903255756136184;0,831959683981790;0,062140302635419128;-1,05560026769690e-01;0,009519560554694440;0,113353484390790654;-1,46904637699671e-01;-0,037138445855165687
0,666415465485303;-0,794854358072927;0,642115221252642;0,134317936224363693;-5,33085084173073e-02;0,041525708162302902;-0,030009436687067372;-6,35264483302004e-02;-0,104191604929704279
0,901278657942862;-1,334633824963287;0,851404647722390;0,013801374401248004;-1,96577296320725e-02;0,277934723520876337;-0,050584852342390720;1,08514988551277e-01;-0,018461509871362410
1,003294641230404;-0,833330628242888;0,960879180542975;-0,009251149183265313;-2,39139721515000e-02;0,208252867911499273;-0,007703052539493350;-2,40629803414471e-01;-0,054847953949613087
0,863640082421341;-0,851172245297438;1,046448916435074;-0,153786211014487501;1,25970405111092e-01;0,266437789596744079;-0,155394016238127292;2,77973073103180e-01;-0,078228190763978786
0,690015495949353;-0,699341648206341;0,613076340924698;-0,182984068557001806;-1,48977794997490e-02;-0,165278930625875731;-0,147875920691081464;-2,81095509102573e-02;0,046987397462259356
0,644296350909289;-0,778192706129978;0,958231088143734;0,174325502597087595;-5,22201979826226e-02;-0,210064393992918347;-0,022852718886840387;-2,24730410027147e-02;0,049761865332314775
0,499798902403692;-0,816796197590601;0,900084635500333;-0,144577108669158239;1,97464423415969e-01;0,108770976183858031;0,030267679592286451;9,86703440855514e-02;0,172557213829906797
0,761323857122498;-0,856980387655201;0,967516093493692;-0,177583938537218322;-1,62373621780050e-01;-0,176804012013332457;0,002929221217632930;-1,18563327694267e-01;0,109263153150424799
0,857273758823358;-0,671456579019536;0,837944797001475;0,035373802497973984;1,12983199281490e-01;-0,024803291269269119;-0,023378330660134044;1,26298689321497e-01;0,020353872100402619
0,812036289171243;-0,884003217908554;0,754182832892372;0,010727993749179335;-2,99906257337680e-02;0,228570053440346949;-0,070691279285579792;-1,75837971027565e-01;-0,075973873462632430
0,795717727168130;-0,790105492991840;1,061321353095388;0,021087127622160327;-3,28660823485320e-01;0,179767820802107847;0,155820958241250390;-2,77683060335571e-01;-0,047746491198947291
0,834590316196389;-0,727461183800180;0,788000590238022;-0,116219059240794537;5,92575647826892e-02;0,075441619780625482;0,018938821236130211;-7,13834083691011e-02;0,047212084069305368
0,696772258875074;-0,870244940238724;0,847715609571688;0,033972993183322593;4,20696239425486e-02;0,001262899920768477;-0,073229102654934208;2,38637349180761e-01;-0,065877454611644432
0,628189317177761;-0,626784590191707;0,475624061805656;0,022858407478329384;-1,71595474457560e-01;0,234235200457787285;-0,007096149291484769;1,94558972216101e-01;-0,002210124320615604
0,747367620763200;-1,036834416675200;0,623739804714130;-0,023286247555852797;3,92137980503786e-02;0,223797606849792191;0,104778671213871480;2,61313948176244e-01;0,088239798484757007
0,759399463328624;-0,975319728009174;0,907812522718805;0,013902879492264427;-2,44750493874223e-02;-0,046454973268607265;0,124898258383503380;4,81705419046209e-02;0,035466364012341399
0,943295859169144;-0,897294566220116;0,991243129325525;0,015402313577165668;8,79748776285812e-06;0,040654139428301719;-0,176750924647438357;-1,09385853542570e-02;-0,156388704445470955
0,737765153426974;-0,763173828750652;0,670097939641655;0,134108373644125534;1,30667796445739e-01;-0,153776887911682703;-0,005474435486779156;6,75364432568990e-02;-0,075898837731780619
0,819913345820947;-0,900630418604521;0,935011992155621;-0,179156296420300370;-3,24140851903514e-02;-0,050345577378991965;0,047658275175776976;1,14859527862394e-01;0,227911463332857611
0,569460448878095;-0,842661204872617;0,987391588921858;0,256018469678130300;9,63092345301888e-02;-0,003297491613171682;0,034155060960380366;-1,77336948494704e-01;0,070506976159491683
0,877284218508900;-1,115405200022020;1,062569773353064;-0,213319158128245007;-1,48344310354214e-01;-0,089301606765788452;0,043565076213881844;9,14576655673487e-02;-0,000101449766384333
0,790406309297967;-1,203542763310598;1,105671423337047;-0,196349876880604263;1,23716668137541e-01;0,061777459313357444;-0,018849978668713904;-2,11541944458636e-01;-0,092208873283925699
1,083112920287359;-1,017009615445722;1,227391681751971;-0,087505874315951943;-1,87786487625038e-01;0,034164352554021449;0,139070769858257171;-1,13396869150835e-01;0,103198500096327903
0,856132597583521;-1,668759164293451;0,873946703544795;-0,063429278991490368;2,20676992909140e-01;-0,000556787330848038;0,006504857919274850;-8,04554145666997e-02;-0,258713222586570091
0,850080175150661;-1,025628461207687;1,048942788801514;-0,059033620180704974;1,36233161688304e-01;-0,240928885123630254;-0,591223801798490434;-6,57720010612546e-02;-0,126298043942000088
0,820161844102447;-0,919872752118909;0,661743659156028;0,254267168164095558;-2,03770928092919e-01;0,215386817357501675;0,044464118669702096;5,23012264518263e-02;0,023611874561369102
0,772144724684766;-0,779154045020372;0,857290284199210;0,342070098793057498;1,22920594689903e-01;0,146102198187755272;0,106724156020827271;-1,33319251409566e-01;-0,066322973370627120
0,664693793586878;-0,765779993237482;0,752364168792734;0,049888959699843000;-1,95612386654022e-01;0,143774656554455649;0,055722576096751707;1,47361175641451e-01;-0,016657980129788207
0,525593867441443;-0,974827106084192;0,861037695110797;-0,107649703051970982;1,14435608274015e-02;0,024358973182492718;0,087520719961006965;9,26542791467704e-02;0,041800712818420453
0,873943987346939;-0,921048111612575;1,040790534983216;-0,096092750362570020;-8,59235989043517e-02;0,227628288895202341;-0,007973370217034642;-6,05386378514759e-03;0,041432619533492421
0,562781738451736;-0,649247637501154;0,629665257916587;0,078423526169655977;1,26748581876544e-01;-0,078805186893725690;0,106185194313906175;3,40459171897775e-02;0,002539901427956085
0,877459409421354;-0,614403676301728;0,931134885882187;-0,294187743266340562;1,27526895476045e-03;-0,059213935778820739;-0,021606655878249524;3,66841537540662e-02;0,140880205392191343
0,963885649360079;-0,852788900248006;0,808146199548270;-0,106744377176309940;-1,00008240173934e-01;-0,156338662972915904;0,171446902755052755;-2,04721553554926e-02;0,076193691582892714
0,827488780338117;-0,885946249584291;0,658595131910675;0,101489657366314934;1,54254609346439e-01;-0,239632764137642618;0,034248735335197664;-2,05859406166078e-01;-0,023323633852224315
0,794181215612120;-0,958607999598354;0,857063998531453;0,065793406557182924;5,92442183852339e-02;-0,054695900494572805;-0,119563262305554960;3,86796040655381e-02;0,026062109496430102
1,090245500802948;-0,804446407292818;1,041888436860096;-0,036032423522021059;-8,08155896260762e-02;-0,059018756344032378;0,115580959773950359;-1,70969552153048e-01;-0,088324084601959132
0,745881180457754;-0,728567130601086;0,898631685129691;-0,251628777558879968;-6,85244714167090e-02;0,230497535370549067;-0,010826143622975822;-4,30244753498255e-02;0,232133755098734545
0,589622082484424;-0,831275709614085;0,971059419073926;0,134752605780186385;-5,77715955491537e-02;-0,225328610380251454;0,164187257112218987;8,76552963353843e-02;-0,179276979083329152
0,705907744672351;-1,113966975466420;1,136655353784938;0,313416742262034531;1,13982781410383e-01;0,047993967523328532;-0,188586599824201978;3,35052962794489e-02;-0,284981751716981979
0,419685335839425;-0,701686012348849;0,740579237346263;0,247564315132341534;1,90595259357012e-01;-0,062890952950007087;-0,143963701201217958;-1,56315220740287e-01;-0,129879642676430707
0,498072711024715;-1,020593123730162;0,850488968841911;-0,200679625449686039;-7,48878741610759e-02;-0,038063534970209173;-0,091427040659960962;-8,27284210516654e-02;-0,015999304373756743
0,626340667176774;-0,834985584374971;1,005323953441277;0,074120599726802475;-1,28058252777784e-01;0,031077648708989356;0,108125941002619005;-1,81573549841117e-01;-0,099840161079919290
0,860504352561393;-0,925230985721361;0,839364143570646;0,028046067901908601;2,43499656070827e-03;-0,014747032531186040;-0,014424809957924481;4,13235716142372e-01;0,137532513692461278
0,730282987870268;-0,698715671666705;0,618815288784780;0,076809640256550571;-5,31132558710554e-02;-0,003806122970907033;-0,192382398057500986;6,21503648178712e-02;-0,205992036186990246
0,882411022260612;-0,939076949742884;0,896124177254923;0,174601029877116981;7,05949508003591e-02;-0,093254428997336963;0,041391761848473034;4,78348645086136e-02;0,180068276899236296
0,618596011324397;-0,976564318062022;0,841498697941480;0,079575620222061563;-3,28957113155447e-01;-0,204357749758580204;0,095561939046652777;1,31812688557798e-01;0,050540366410207122
0,756390354044635;-0,982323843950967;1,064269656604707;0,073223761622274355;-9,68340652580941e-02;0,214531771659577680;-0,108130076497107472;1,04040802333192e-01;0,022682904586397188
1,080012825448805;-0,968348097086003;0,994349735056475;-0,277461782533768520;1,34099594138749e-01;-0,064096760139395359;-0,143876384274041313;-1,34167149087928e-01;-0,004330464364711134
0,744317304330892;-0,921198310910604;0,821119671788602;0,168137425122172640;-1,66635725173948e-01;0,069819174232450334;-0,179313952946654392;-4,35690227891186e-02;-0,003050823801333471
0,564619000560787;-0,916756029332051;0,661669093960126;0,096732855282110383;-1,47164880827540e-01;0,069247293844885482;-0,063994033420810781;1,95249585977987e-01;0,034725173508211846
0,524172645699465;-0,658148102208134;0,686933364560688;-0,112179878835525923;-1,42128628437517e-01;-0,084520702810571072;0,016250382644466068;-9,36154218058941e-02;-0,067151287904257922
0,710894660215493;-0,801215670587760;0,902622650349757;0,092118945020993104;2,36402898212125e-01;0,222885350696463147;-0,077257186877849979;-2,05096300627473e-01;-0,042626654553332081
0,913278137118281;-1,330932836521684;0,998115901474335;-0,054379631694658342;1,78861851405621e-02;0,429630552281144551;0,404528108895298111;-2,51177847772923e-01;0,295696168567742113
0,712905210488017;-0,888993663676234;0,837131158414745;0,154041081743129527;1,14473507811015e-02;-0,129867110097679317;0,230389073961880964;2,53260537565226e-01;0,089057400426213518
0,908715026768803;-0,719983172801779;0,725131964807816;0,127447257711409856;6,74365869961140e-02;-0,204339725443900805;0,029092221921143371;-5,69426771249193e-02;-0,183129688381510503
0,756344927866836;-0,921871946485912;0,736458854795084;-0,021124271102268499;-6,22897692394182e-02;0,146106090572505926;-0,133560106813418428;9,99897477921825e-02;0,060652287413104328
0,822964420926377;-0,791809848087591;0,838140936036497;0,047481951761774117;-5,11110523386704e-02;-0,034785615057406009;-0,018609993113397685;1,29380475259767e-01;-0,269288902145022269
0,841208221044799;-0,912069391615559;0,882110473791026;0,168680554930628113;-2,87223106103458e-01;-0,066915739024166934;0,277795414546008201;1,50431528323579e-01;-0,080512344758685087
0,813489007369735;-1,044064228861245;1,007192616590737;0,046737994655269323;-1,80870929994468e-02;-0,028839376239567064;0,117554335839744312;-1,96905053260855e-01;0,064490424689302578
0,601403194712118;-0,923071603091884;0,765042017508021;0,095732563033454607;-8,16681471764316e-02;0,014043786213703478;-0,113653492600491082;-6,85088431886452e-02;-0,108707777458741592
0,718161637546907;-0,879263047766316;0,826179862007048;0,068940754031907539;1,41308709346919e-01;0,108618999039809136;-0,066051766686752347;9,86870934951594e-02;0,128013214346782339
0,524720444112045;-0,859451335635062;0,820008818928020;-0,106194184316057316;-3,80319827563663e-02;-0,069562856588095204;0,053902673590359280;-1,54852898641463e-01;0,056038994407836752
0,533820617130940;-0,552811453256309;0,446532175299635;-0,077241728464670617;1,38949495355127e-01;-0,025465858777121739;-0,066111463483155705;-7,15269946176350e-02;0,036911245148658962
0,710405051965432;-0,813064782086711;0,767990732707798;0,044552131889672962;-1,43546720275377e-01;0,169302876281887421;0,047897243802966949;1,57701482693052e-01;-0,053212859755200681
0,761814942951795;-1,098854700605076;0,795993047618042;0,000149115639535841;2,84913785671005e-02;0,120020667676324050;-0,287807573998102417;-6,65857968092474e-02;0,215225031187427279
0,754176692039618;-1,063512877886452;0,702379305413023;0,059854996793442250;2,34707160578080e-01;0,105365320628330733;-0,334458194944470488;-2,19579157056363e-01;0,079294123835640246
0,741016397490178;-0,670507772002956;0,606852772250751;-0,065559148701421918;-3,51671893004386e-02;0,079414136477364172;0,136939105270862532;9,10641523691022e-04;0,013358964397004611
0,462231482542094;-0,852924448194710;0,875930743218820;-0,015597904459042595;1,16646789893395e-01;-0,033483690967315120;0,036699687097940234;-1,53232072333090e-01;-0,071986928228677249
0,693084253856957;-0,664141003606630;0,710382920542969;0,163527678337005655;-2,41342384754240e-01;0,014461314072069647;0,015814792226903861;2,07814485921976e-01;-0,096488558614220635
0,770119114450718;-0,601017241671342;0,918085391336339;-0,021109416329477469;5,35813230036919e-02;0,076525355207205131;0,021995113589317834;1,39278584362202e-02;-0,079963307352843960
0,543602398804648;-0,719881249855171;0,720942473789262;-0,070702936732357169;5,52924864048339e-02;-0,076568788082162054;-0,064910499808494240;1,78478317067622e-02;-0,080096722021743463
0,817642897114499;-0,826342317375306;0,860172391116575;-0,171371810881163295;-1,67895294462256e-01;-0,284546153933532497;-0,111921401922161920;-3,56439769699738e-02;0,160968875180610732
1,105432599135934;-1,060044013440774;1,228539479364013;-0,064994537830989393;-2,73063348603602e-02;-0,358526368361248238;0,055601295907302624;-4,07293753587548e-02;0,018957297387189626
0,564158112531353;-0,883790009430460;1,021967543865312;0,123620019793264688;-7,80569177213069e-02;0,157382271821480013;-0,119748360519497291;-2,70646273802862e-01;-0,204553869719628828
0,812305986427835;-1,009910019185385;1,037689627757687;-0,096329274601110113;1,91215797527122e-02;0,072925785242492019;-0,114565826973204499;-1,63353142411301e-01;0,145093165773839933
0,533249540659956;-0,859876990172868;1,219619664222891;0,067923983648910294;-1,35183395582452e-01;-0,108665077269878826;-0,005240023451069198;-1,37295107962306e-01;0,112206047134335588
0,648516504170528;-0,601437219276826;0,619615373463211;0,075874828532183039;-1,68613697516923e-01;-0,098971328943739653;0,191344257760159231;-1,36477285362373e-01;-0,038523256566517360
0,681261942705338;-0,775096387141641;0,775966107795741;0,004569993863132002;-1,48833621977381e-01;0,139445877728931106;0,126232784820859645;2,03689366332062e-01;-0,064614162359795335
0,876724987023136;-0,544665674739541;1,184756000140500;-0,152003471366307208;1,90680891184343e-01;0,424991806237588365;0,080070605923110966;2,80932756532954e-01;0,062214081819738032
0,657287816891961;-1,177705665667131;1,063186235476935;-0,319596259278550787;-2,97069955926172e-01;-0,240926015672721344;-0,109118414267564232;8,52998813198169e-02;-0,177373913443043540
0,764764416083387;-1,036000681175323;0,813144523614549;0,102795248498378219;1,21009214517045e-01;0,057797757086717715;0,139234118800276280;6,13207043457426e-02;-0,007327097229329030
1,126511710455995;-1,033703499670576;1,318773113746890;0,141471154080268724;-1,99990439459798e-01;0,494761283750923264;-0,046814279898398994;-1,74074228354793e-01;0,023950424561586553
0,608501613373128;-0,766491073005920;0,653964574394157;-0,117799167423517592;7,83943660286278e-02;-0,059782674196731431;0,246186374250958823;1,26789088248724e-01;-0,078733152967364883
0,904455242092860;-0,796300827783078;0,794719103935490;0,096456586000745900;1,59039263702755e-01;0,032894300202955459;0,075506549536808271;5,93549517756730e-02;0,023381247753075679
0,794832112497647;-0,823845108825282;0,717618055929859;0,020040980509675125;1,53444854873287e-01;0,007076883407917916;-0,066568375033501867;-5,65883966406093e-02;-0,098738503208081987
0,957768244829009;-1,127266275954576;0,865864552895268;-0,127021664896413589;-7,47280199113496e-02;0,040927138125285520;0,184485989393560146;-2,88302298445452e-01;-0,049723994163555836
0,695239873146949;-0,841058022244577;0,736881368645722;-0,195841055898189453;-2,43380567780894e-02;-0,000808894421484684;-0,056015247716249203;8,38238690055028e-02;-0,023584382339286825
0,960816345720633;-0,883875697539075;0,858719041685804;-0,152309568244638566;-2,45100938137241e-01;-0,002238660698735711;0,042146941245159483;-2,39656646696994e-01;-0,057486181239644447
0,712366919531925;-0,788551521624196;0,645971777802270;0,023870046796984085;-1,08191500209132e-01;-0,106920903995529087;0,039033199926993847;-9,77513687236278e-02;0,063773328950107136
0,736325000572826;-0,630815122011022;0,875725171004246;0,151321401806643552;-1,00028054620482e-01;0,002096288972847451;0,132654918087515589;-6,85682340674054e-02;-0,028673061952415146
0,857312519028877;-1,080382368369590;1,011347286718560;-0,005188949719438259;1,67194953057637e-01;-0,013040900491289550;0,062015909887421963;-1,05428287956789e-01;0,140821617617559597
1,293110088279311;-1,130743620122010;1,291328857105553;0,109979193524629218;1,28129382014539e-01;-0,003398244887695669;-0,186487733328406763;3,82108046426615e-02;0,052659658838225751
0,665609002257965;-0,788906643358353;0,653379623473180;0,161562244906518993;2,59099793383126e-01;0,012577623941009947;0,080103400121732782;8,65111637364642e-02;-0,109848289060158463
0,621794734435018;-0,775045891461065;0,899287445366673;0,268093665672146597;2,09952971974646e-02;0,113805798488333193;-0,234705360766077009;5,51356853074704e-02;-0,099392028975156810
0,757380369301711;-0,883513185747900;0,760500922871956;0,012452817785639727;2,20107475717111e-01;-0,017343581928556517;-0,243191698867770006;-2,08111840427289e-04;-0,195562227464593785
0,650466927611600;-0,883708243535861;0,689889727560204;0,210275404195245208;2,43304208160316e-01;0,087034192923509265;0,020050817605199594;1,04058748006982e-01;0,024465805212619263
0,416466514826822;-0,790840910929425;0,822835368685735;0,218307698680885454;-8,12237216946030e-02;0,064914388726094355;0,016911154015091551;-1,59876822168801e-01;-0,165063972863119024
0,693580345226695;-0,914528259137636;1,171039539457675;-0,153292320534753945;-4,43586056737532e-02;0,265827266205664381;-0,147771060530848847;-2,48590841279780e-01;-0,251093638718099255
0,703402951304861;-0,982121962148233;1,047102298381820;-0,064999670883558056;-1,48300295764788e-01;-0,101202781350599763;-0,015349489037615120;-9,71902823878501e-02;-0,056768943156294292
0,573260251038670;-0,783319965149527;0,684112102990852;-0,033041712882035723;-3,09694697271264e-02;-0,100604888103700191;0,076320316200534519;-1,84066835410254e-02;0,070146936821917680
0,674808864300437;-0,701972735854844;0,740664347775133;0,219943618858360668;-8,88226943487186e-02;0,067259471730229212;0,006729894731450495;-2,30812508500519e-01;-0,143649623896404594
0,787038488341524;-0,645349425690327;0,775087035246586;-0,012516558797062236;6,65861888595237e-03;0,147104483375343958;-0,041435202837972591;-8,25435143562344e-03;-0,001909867418326478
0,754412869642151;-1,015390729843162;0,654617325241174;0,031573925470859888;-1,66158769803936e-01;-0,080022618050242619;-0,200934866534363571;-1,34280963903244e-01;0,062382202676169687
0,718421399187262;-0,950662241554825;0,896522249488093;-0,168932167890862600;-2,64225710500579e-02;-0,019439589926726196;0,128790528965960910;-1,71390905084227e-01;0,100276733187259451
0,906177896627654;-1,292278017235188;0,895355016941023;0,170090063438015526;-2,19021806614301e-01;-0,322012884258521037;0,078771574908947858;-1,28180888518463e-02;-0,124087089022269045
0,911141780783243;-0,810228083889828;0,861306185384793;0,055322362426458292;-3,88652746407100e-02;0,062800090774875639;-0,202572668246292054;-5,58630705538336e-02;-0,043875510460155726
1,068936115014880;-1,307514970661037;0,867309280644990;-0,054146744512238741;-5,97841698368780e-02;0,050844413727056087;0,130171591854847363;5,19844165356753e-01;0,005921357809404266
0,536838312560354;-0,733565642669769;0,779359877208874;0,010315603943257170;-5,93906128532961e-02;-0,171781392598575944;0,076246665344995301;-9,92499239562341e-03;-0,146808060515877858
0,725384461635363;-0,810312908506332;0,800021754498444;-0,044119250945188544;1,22932491891473e-01;0,155729921509837776;0,170903941071386622;6,12395637853844e-02;0,201687662183646671
0,651653502639588;-0,977497401461709;1,078450461248917;0,048955252846817850;-1,49114930805188e-01;-0,036033397301344555;0,104884686494776003;9,28347889424168e-05;-0,078933897722809537
0,557443432822091;-0,523229045879697;0,661500110773586;0,049579640412130963;6,11662241955557e-02;0,109544233006204833;0,136699392468735359;-1,01746254451786e-01;0,065071246162528643
